--
-- MySQL Script to create the necessary table structure that the MCR requires
-- 

CREATE TABLE S_ARMORTYPES (
	ARMORTYPEID INT NOT NULL,
	CODE VARCHAR(30) NOT NULL,
	DESCRIPTION VARCHAR(200) NULL,
	PRIMARY KEY (ARMORTYPEID)
);

INSERT INTO S_ARMORTYPES (ARMORTYPEID, CODE, DESCRIPTION) VALUES (1,'NONE','No Armor');;
INSERT INTO S_ARMORTYPES (ARMORTYPEID, CODE, DESCRIPTION) VALUES (2,'SOFT','Soft Leather Armor');;
INSERT INTO S_ARMORTYPES (ARMORTYPEID, CODE, DESCRIPTION) VALUES (3,'RIGID','Rigid Leather Armor');;
INSERT INTO S_ARMORTYPES (ARMORTYPEID, CODE, DESCRIPTION) VALUES (4,'CHAIN','Chain Armor');;
INSERT INTO S_ARMORTYPES (ARMORTYPEID, CODE, DESCRIPTION) VALUES (5,'PLATE','Plate Armor');;

drop table S_TOOTHCLAW;
drop table S_GRAPPLE;
drop table S_1HSLASH;
drop table S_1HCONCUSSION;
drop table S_2H;
drop table S_BALL;
drop table S_BOLT;
drop table S_MISSLE;

CREATE TABLE S_TOOTHCLAW (
	RID INT NOT NULL,
	ARMORTYPEID INT NOT NULL,
	DAMAGE INT NOT NULL DEFAULT 0,
	FUMBLE BIT DEFAULT 0,
	DESCRIPTION VARCHAR(200), 
	CRITICAL VARCHAR(1),
	PRIMARY KEY (RID, ARMORTYPEID),
	FOREIGN KEY (ARMORTYPEID) REFERENCES S_ARMORTYPES(ARMORTYPEID)
);

CREATE TABLE S_GRAPPLE (
	RID INT NOT NULL,
	ARMORTYPEID INT NOT NULL,
	DAMAGE INT NOT NULL DEFAULT 0,
	FUMBLE BIT DEFAULT 0,
	DESCRIPTION VARCHAR(200), 
	CRITICAL VARCHAR(1),
	PRIMARY KEY (RID, ARMORTYPEID),
	FOREIGN KEY (ARMORTYPEID) REFERENCES S_ARMORTYPES(ARMORTYPEID)
);

CREATE TABLE S_1HSLASH (
	RID INT NOT NULL,
	ARMORTYPEID INT NOT NULL,
	DAMAGE INT NOT NULL DEFAULT 0,
	FUMBLE BIT DEFAULT 0,
	DESCRIPTION VARCHAR(200), 
	CRITICAL VARCHAR(1),
	PRIMARY KEY (RID, ARMORTYPEID),
	FOREIGN KEY (ARMORTYPEID) REFERENCES S_ARMORTYPES(ARMORTYPEID)
);

CREATE TABLE S_1HCONCUSSION (
	RID INT NOT NULL,
	ARMORTYPEID INT NOT NULL,
	DAMAGE INT NOT NULL DEFAULT 0,
	FUMBLE BIT DEFAULT 0,
	DESCRIPTION VARCHAR(200), 
	CRITICAL VARCHAR(1),
	PRIMARY KEY (RID, ARMORTYPEID),
	FOREIGN KEY (ARMORTYPEID) REFERENCES S_ARMORTYPES(ARMORTYPEID)
);

CREATE TABLE S_2H (
	RID INT NOT NULL,
	ARMORTYPEID INT NOT NULL,
	DAMAGE INT NOT NULL DEFAULT 0,
	FUMBLE BIT DEFAULT 0,
	DESCRIPTION VARCHAR(200), 
	CRITICAL VARCHAR(1),
	PRIMARY KEY (RID, ARMORTYPEID),
	FOREIGN KEY (ARMORTYPEID) REFERENCES S_ARMORTYPES(ARMORTYPEID)
);

CREATE TABLE S_BALL (
	RID INT NOT NULL,
	ARMORTYPEID INT NOT NULL,
	DAMAGE INT NOT NULL DEFAULT 0,
	FUMBLE BIT DEFAULT 0,
	DESCRIPTION VARCHAR(200), 
	CRITICAL VARCHAR(1),
	PRIMARY KEY (RID, ARMORTYPEID),
	FOREIGN KEY (ARMORTYPEID) REFERENCES S_ARMORTYPES(ARMORTYPEID)
);

CREATE TABLE S_BOLT (
	RID INT NOT NULL,
	ARMORTYPEID INT NOT NULL,
	DAMAGE INT NOT NULL DEFAULT 0,
	FUMBLE BIT DEFAULT 0,
	DESCRIPTION VARCHAR(200), 
	CRITICAL VARCHAR(1),
	PRIMARY KEY (RID, ARMORTYPEID),
	FOREIGN KEY (ARMORTYPEID) REFERENCES S_ARMORTYPES(ARMORTYPEID)
);

CREATE TABLE S_MISSLE (
	RID INT NOT NULL,
	ARMORTYPEID INT NOT NULL,
	DAMAGE INT NOT NULL DEFAULT 0,
	FUMBLE BIT DEFAULT 0,
	DESCRIPTION VARCHAR(200), 
	CRITICAL VARCHAR(1),
	PRIMARY KEY (RID, ARMORTYPEID),
	FOREIGN KEY (ARMORTYPEID) REFERENCES S_ARMORTYPES(ARMORTYPEID)
);

INSERT INTO S_1HCONCUSSION (RID, ARMORTYPEID, DAMAGE, FUMBLE, DESCRIPTION) VALUES (0,1,0,1,'F');
INSERT INTO S_1HCONCUSSION (RID, ARMORTYPEID, DAMAGE, FUMBLE, DESCRIPTION) VALUES (0,2,0,1,'F');
INSERT INTO S_1HCONCUSSION (RID, ARMORTYPEID, DAMAGE, FUMBLE, DESCRIPTION) VALUES (0,3,0,1,'F');
INSERT INTO S_1HCONCUSSION (RID, ARMORTYPEID, DAMAGE, FUMBLE, DESCRIPTION) VALUES (0,4,0,1,'F');
INSERT INTO S_1HCONCUSSION (RID, ARMORTYPEID, DAMAGE, FUMBLE, DESCRIPTION) VALUES (0,5,0,1,'F');
INSERT INTO S_1HCONCUSSION (RID, ARMORTYPEID, DAMAGE, FUMBLE, DESCRIPTION) VALUES (1,1,0,1,'F');
INSERT INTO S_1HCONCUSSION (RID, ARMORTYPEID, DAMAGE, FUMBLE, DESCRIPTION) VALUES (1,2,0,1,'F');
INSERT INTO S_1HCONCUSSION (RID, ARMORTYPEID, DAMAGE, FUMBLE, DESCRIPTION) VALUES (1,3,0,1,'F');
INSERT INTO S_1HCONCUSSION (RID, ARMORTYPEID, DAMAGE, FUMBLE, DESCRIPTION) VALUES (1,4,0,1,'F');
INSERT INTO S_1HCONCUSSION (RID, ARMORTYPEID, DAMAGE, FUMBLE, DESCRIPTION) VALUES (1,5,0,1,'F');
INSERT INTO S_1HCONCUSSION (RID, ARMORTYPEID, DAMAGE, FUMBLE, DESCRIPTION) VALUES (101,1,12,0,'12C');
INSERT INTO S_1HCONCUSSION (RID, ARMORTYPEID, DAMAGE, FUMBLE, DESCRIPTION) VALUES (101,2,11,0,'11B');
INSERT INTO S_1HCONCUSSION (RID, ARMORTYPEID, DAMAGE, FUMBLE, DESCRIPTION) VALUES (101,3,10,0,'10B');
INSERT INTO S_1HCONCUSSION (RID, ARMORTYPEID, DAMAGE, FUMBLE, DESCRIPTION) VALUES (101,4,13,0,'13A');
INSERT INTO S_1HCONCUSSION (RID, ARMORTYPEID, DAMAGE, FUMBLE, DESCRIPTION) VALUES (101,5,10,0,'10');
INSERT INTO S_1HCONCUSSION (RID, ARMORTYPEID, DAMAGE, FUMBLE, DESCRIPTION) VALUES (106,1,13,0,'13C');
INSERT INTO S_1HCONCUSSION (RID, ARMORTYPEID, DAMAGE, FUMBLE, DESCRIPTION) VALUES (106,2,12,0,'12B');
INSERT INTO S_1HCONCUSSION (RID, ARMORTYPEID, DAMAGE, FUMBLE, DESCRIPTION) VALUES (106,3,11,0,'11B');
INSERT INTO S_1HCONCUSSION (RID, ARMORTYPEID, DAMAGE, FUMBLE, DESCRIPTION) VALUES (106,4,14,0,'14B');
INSERT INTO S_1HCONCUSSION (RID, ARMORTYPEID, DAMAGE, FUMBLE, DESCRIPTION) VALUES (106,5,10,0,'10A');
INSERT INTO S_1HCONCUSSION (RID, ARMORTYPEID, DAMAGE, FUMBLE, DESCRIPTION) VALUES (111,1,14,0,'14D');
INSERT INTO S_1HCONCUSSION (RID, ARMORTYPEID, DAMAGE, FUMBLE, DESCRIPTION) VALUES (111,2,13,0,'13C');
INSERT INTO S_1HCONCUSSION (RID, ARMORTYPEID, DAMAGE, FUMBLE, DESCRIPTION) VALUES (111,3,12,0,'12C');
INSERT INTO S_1HCONCUSSION (RID, ARMORTYPEID, DAMAGE, FUMBLE, DESCRIPTION) VALUES (111,4,15,0,'15B');
INSERT INTO S_1HCONCUSSION (RID, ARMORTYPEID, DAMAGE, FUMBLE, DESCRIPTION) VALUES (111,5,11,0,'11A');
INSERT INTO S_1HCONCUSSION (RID, ARMORTYPEID, DAMAGE, FUMBLE, DESCRIPTION) VALUES (116,1,15,0,'15D');
INSERT INTO S_1HCONCUSSION (RID, ARMORTYPEID, DAMAGE, FUMBLE, DESCRIPTION) VALUES (116,2,14,0,'14C');
INSERT INTO S_1HCONCUSSION (RID, ARMORTYPEID, DAMAGE, FUMBLE, DESCRIPTION) VALUES (116,3,13,0,'13C');
INSERT INTO S_1HCONCUSSION (RID, ARMORTYPEID, DAMAGE, FUMBLE, DESCRIPTION) VALUES (116,4,16,0,'16C');
INSERT INTO S_1HCONCUSSION (RID, ARMORTYPEID, DAMAGE, FUMBLE, DESCRIPTION) VALUES (116,5,12,0,'12B');
INSERT INTO S_1HCONCUSSION (RID, ARMORTYPEID, DAMAGE, FUMBLE, DESCRIPTION) VALUES (121,1,17,0,'17D');
INSERT INTO S_1HCONCUSSION (RID, ARMORTYPEID, DAMAGE, FUMBLE, DESCRIPTION) VALUES (121,2,15,0,'15C');
INSERT INTO S_1HCONCUSSION (RID, ARMORTYPEID, DAMAGE, FUMBLE, DESCRIPTION) VALUES (121,3,15,0,'15C');
INSERT INTO S_1HCONCUSSION (RID, ARMORTYPEID, DAMAGE, FUMBLE, DESCRIPTION) VALUES (121,4,17,0,'17C');
INSERT INTO S_1HCONCUSSION (RID, ARMORTYPEID, DAMAGE, FUMBLE, DESCRIPTION) VALUES (121,5,13,0,'13B');
INSERT INTO S_1HCONCUSSION (RID, ARMORTYPEID, DAMAGE, FUMBLE, DESCRIPTION) VALUES (126,1,18,0,'18E');
INSERT INTO S_1HCONCUSSION (RID, ARMORTYPEID, DAMAGE, FUMBLE, DESCRIPTION) VALUES (126,2,16,0,'16D');
INSERT INTO S_1HCONCUSSION (RID, ARMORTYPEID, DAMAGE, FUMBLE, DESCRIPTION) VALUES (126,3,16,0,'16C');
INSERT INTO S_1HCONCUSSION (RID, ARMORTYPEID, DAMAGE, FUMBLE, DESCRIPTION) VALUES (126,4,18,0,'18C');
INSERT INTO S_1HCONCUSSION (RID, ARMORTYPEID, DAMAGE, FUMBLE, DESCRIPTION) VALUES (126,5,13,0,'13C');
INSERT INTO S_1HCONCUSSION (RID, ARMORTYPEID, DAMAGE, FUMBLE, DESCRIPTION) VALUES (131,1,19,0,'19E');
INSERT INTO S_1HCONCUSSION (RID, ARMORTYPEID, DAMAGE, FUMBLE, DESCRIPTION) VALUES (131,2,17,0,'17D');
INSERT INTO S_1HCONCUSSION (RID, ARMORTYPEID, DAMAGE, FUMBLE, DESCRIPTION) VALUES (131,3,17,0,'17D');
INSERT INTO S_1HCONCUSSION (RID, ARMORTYPEID, DAMAGE, FUMBLE, DESCRIPTION) VALUES (131,4,19,0,'19D');
INSERT INTO S_1HCONCUSSION (RID, ARMORTYPEID, DAMAGE, FUMBLE, DESCRIPTION) VALUES (131,5,14,0,'14C');
INSERT INTO S_1HCONCUSSION (RID, ARMORTYPEID, DAMAGE, FUMBLE, DESCRIPTION) VALUES (136,1,21,0,'21E');
INSERT INTO S_1HCONCUSSION (RID, ARMORTYPEID, DAMAGE, FUMBLE, DESCRIPTION) VALUES (136,2,18,0,'18E');
INSERT INTO S_1HCONCUSSION (RID, ARMORTYPEID, DAMAGE, FUMBLE, DESCRIPTION) VALUES (136,3,18,0,'18D');
INSERT INTO S_1HCONCUSSION (RID, ARMORTYPEID, DAMAGE, FUMBLE, DESCRIPTION) VALUES (136,4,20,0,'20D');
INSERT INTO S_1HCONCUSSION (RID, ARMORTYPEID, DAMAGE, FUMBLE, DESCRIPTION) VALUES (136,5,15,0,'15D');
INSERT INTO S_1HCONCUSSION (RID, ARMORTYPEID, DAMAGE, FUMBLE, DESCRIPTION) VALUES (141,1,22,0,'22E');
INSERT INTO S_1HCONCUSSION (RID, ARMORTYPEID, DAMAGE, FUMBLE, DESCRIPTION) VALUES (141,2,19,0,'19E');
INSERT INTO S_1HCONCUSSION (RID, ARMORTYPEID, DAMAGE, FUMBLE, DESCRIPTION) VALUES (141,3,19,0,'19E');
INSERT INTO S_1HCONCUSSION (RID, ARMORTYPEID, DAMAGE, FUMBLE, DESCRIPTION) VALUES (141,4,21,0,'21E');
INSERT INTO S_1HCONCUSSION (RID, ARMORTYPEID, DAMAGE, FUMBLE, DESCRIPTION) VALUES (141,5,16,0,'16D');
INSERT INTO S_1HCONCUSSION (RID, ARMORTYPEID, DAMAGE, FUMBLE, DESCRIPTION) VALUES (146,1,23,0,'23E');
INSERT INTO S_1HCONCUSSION (RID, ARMORTYPEID, DAMAGE, FUMBLE, DESCRIPTION) VALUES (146,2,20,0,'20E');
INSERT INTO S_1HCONCUSSION (RID, ARMORTYPEID, DAMAGE, FUMBLE, DESCRIPTION) VALUES (146,3,20,0,'20E');
INSERT INTO S_1HCONCUSSION (RID, ARMORTYPEID, DAMAGE, FUMBLE, DESCRIPTION) VALUES (146,4,22,0,'22E');
INSERT INTO S_1HCONCUSSION (RID, ARMORTYPEID, DAMAGE, FUMBLE, DESCRIPTION) VALUES (146,5,16,0,'16E');
INSERT INTO S_1HCONCUSSION (RID, ARMORTYPEID, DAMAGE, FUMBLE, DESCRIPTION) VALUES (36,1,0,0,'0');
INSERT INTO S_1HCONCUSSION (RID, ARMORTYPEID, DAMAGE, FUMBLE, DESCRIPTION) VALUES (36,2,0,0,'0');
INSERT INTO S_1HCONCUSSION (RID, ARMORTYPEID, DAMAGE, FUMBLE, DESCRIPTION) VALUES (36,3,0,0,'0');
INSERT INTO S_1HCONCUSSION (RID, ARMORTYPEID, DAMAGE, FUMBLE, DESCRIPTION) VALUES (36,4,0,0,'0');
INSERT INTO S_1HCONCUSSION (RID, ARMORTYPEID, DAMAGE, FUMBLE, DESCRIPTION) VALUES (36,5,1,0,'1');
INSERT INTO S_1HCONCUSSION (RID, ARMORTYPEID, DAMAGE, FUMBLE, DESCRIPTION) VALUES (41,1,0,0,'0');
INSERT INTO S_1HCONCUSSION (RID, ARMORTYPEID, DAMAGE, FUMBLE, DESCRIPTION) VALUES (41,2,0,0,'0');
INSERT INTO S_1HCONCUSSION (RID, ARMORTYPEID, DAMAGE, FUMBLE, DESCRIPTION) VALUES (41,3,0,0,'0');
INSERT INTO S_1HCONCUSSION (RID, ARMORTYPEID, DAMAGE, FUMBLE, DESCRIPTION) VALUES (41,4,1,0,'1');
INSERT INTO S_1HCONCUSSION (RID, ARMORTYPEID, DAMAGE, FUMBLE, DESCRIPTION) VALUES (41,5,1,0,'1');
INSERT INTO S_1HCONCUSSION (RID, ARMORTYPEID, DAMAGE, FUMBLE, DESCRIPTION) VALUES (46,1,0,0,'0');
INSERT INTO S_1HCONCUSSION (RID, ARMORTYPEID, DAMAGE, FUMBLE, DESCRIPTION) VALUES (46,2,0,0,'0');
INSERT INTO S_1HCONCUSSION (RID, ARMORTYPEID, DAMAGE, FUMBLE, DESCRIPTION) VALUES (46,3,0,0,'0');
INSERT INTO S_1HCONCUSSION (RID, ARMORTYPEID, DAMAGE, FUMBLE, DESCRIPTION) VALUES (46,4,2,0,'2');
INSERT INTO S_1HCONCUSSION (RID, ARMORTYPEID, DAMAGE, FUMBLE, DESCRIPTION) VALUES (46,5,2,0,'2');
INSERT INTO S_1HCONCUSSION (RID, ARMORTYPEID, DAMAGE, FUMBLE, DESCRIPTION) VALUES (51,1,0,0,'0');
INSERT INTO S_1HCONCUSSION (RID, ARMORTYPEID, DAMAGE, FUMBLE, DESCRIPTION) VALUES (51,2,0,0,'0');
INSERT INTO S_1HCONCUSSION (RID, ARMORTYPEID, DAMAGE, FUMBLE, DESCRIPTION) VALUES (51,3,0,0,'0');
INSERT INTO S_1HCONCUSSION (RID, ARMORTYPEID, DAMAGE, FUMBLE, DESCRIPTION) VALUES (51,4,3,0,'3');
INSERT INTO S_1HCONCUSSION (RID, ARMORTYPEID, DAMAGE, FUMBLE, DESCRIPTION) VALUES (51,5,3,0,'3');
INSERT INTO S_1HCONCUSSION (RID, ARMORTYPEID, DAMAGE, FUMBLE, DESCRIPTION) VALUES (56,1,0,0,'0');
INSERT INTO S_1HCONCUSSION (RID, ARMORTYPEID, DAMAGE, FUMBLE, DESCRIPTION) VALUES (56,2,0,0,'0');
INSERT INTO S_1HCONCUSSION (RID, ARMORTYPEID, DAMAGE, FUMBLE, DESCRIPTION) VALUES (56,3,0,0,'0');
INSERT INTO S_1HCONCUSSION (RID, ARMORTYPEID, DAMAGE, FUMBLE, DESCRIPTION) VALUES (56,4,4,0,'4');
INSERT INTO S_1HCONCUSSION (RID, ARMORTYPEID, DAMAGE, FUMBLE, DESCRIPTION) VALUES (56,5,3,0,'3');
INSERT INTO S_1HCONCUSSION (RID, ARMORTYPEID, DAMAGE, FUMBLE, DESCRIPTION) VALUES (61,1,0,0,'0');
INSERT INTO S_1HCONCUSSION (RID, ARMORTYPEID, DAMAGE, FUMBLE, DESCRIPTION) VALUES (61,2,0,0,'0');
INSERT INTO S_1HCONCUSSION (RID, ARMORTYPEID, DAMAGE, FUMBLE, DESCRIPTION) VALUES (61,3,0,0,'0');
INSERT INTO S_1HCONCUSSION (RID, ARMORTYPEID, DAMAGE, FUMBLE, DESCRIPTION) VALUES (61,4,5,0,'5');
INSERT INTO S_1HCONCUSSION (RID, ARMORTYPEID, DAMAGE, FUMBLE, DESCRIPTION) VALUES (61,5,4,0,'4');
INSERT INTO S_1HCONCUSSION (RID, ARMORTYPEID, DAMAGE, FUMBLE, DESCRIPTION) VALUES (66,1,0,0,'0');
INSERT INTO S_1HCONCUSSION (RID, ARMORTYPEID, DAMAGE, FUMBLE, DESCRIPTION) VALUES (66,2,3,0,'3');
INSERT INTO S_1HCONCUSSION (RID, ARMORTYPEID, DAMAGE, FUMBLE, DESCRIPTION) VALUES (66,3,2,0,'2');
INSERT INTO S_1HCONCUSSION (RID, ARMORTYPEID, DAMAGE, FUMBLE, DESCRIPTION) VALUES (66,4,6,0,'6');
INSERT INTO S_1HCONCUSSION (RID, ARMORTYPEID, DAMAGE, FUMBLE, DESCRIPTION) VALUES (66,5,5,0,'5');
INSERT INTO S_1HCONCUSSION (RID, ARMORTYPEID, DAMAGE, FUMBLE, DESCRIPTION) VALUES (71,1,0,0,'0');
INSERT INTO S_1HCONCUSSION (RID, ARMORTYPEID, DAMAGE, FUMBLE, DESCRIPTION) VALUES (71,2,5,0,'5');
INSERT INTO S_1HCONCUSSION (RID, ARMORTYPEID, DAMAGE, FUMBLE, DESCRIPTION) VALUES (71,3,3,0,'3');
INSERT INTO S_1HCONCUSSION (RID, ARMORTYPEID, DAMAGE, FUMBLE, DESCRIPTION) VALUES (71,4,7,0,'7');
INSERT INTO S_1HCONCUSSION (RID, ARMORTYPEID, DAMAGE, FUMBLE, DESCRIPTION) VALUES (71,5,5,0,'5');
INSERT INTO S_1HCONCUSSION (RID, ARMORTYPEID, DAMAGE, FUMBLE, DESCRIPTION) VALUES (76,1,0,0,'0');
INSERT INTO S_1HCONCUSSION (RID, ARMORTYPEID, DAMAGE, FUMBLE, DESCRIPTION) VALUES (76,2,6,0,'6');
INSERT INTO S_1HCONCUSSION (RID, ARMORTYPEID, DAMAGE, FUMBLE, DESCRIPTION) VALUES (76,3,4,0,'4');
INSERT INTO S_1HCONCUSSION (RID, ARMORTYPEID, DAMAGE, FUMBLE, DESCRIPTION) VALUES (76,4,8,0,'8');
INSERT INTO S_1HCONCUSSION (RID, ARMORTYPEID, DAMAGE, FUMBLE, DESCRIPTION) VALUES (76,5,6,0,'6');
INSERT INTO S_1HCONCUSSION (RID, ARMORTYPEID, DAMAGE, FUMBLE, DESCRIPTION) VALUES (81,1,6,0,'6');
INSERT INTO S_1HCONCUSSION (RID, ARMORTYPEID, DAMAGE, FUMBLE, DESCRIPTION) VALUES (81,2,7,0,'7A');
INSERT INTO S_1HCONCUSSION (RID, ARMORTYPEID, DAMAGE, FUMBLE, DESCRIPTION) VALUES (81,3,6,0,'6');
INSERT INTO S_1HCONCUSSION (RID, ARMORTYPEID, DAMAGE, FUMBLE, DESCRIPTION) VALUES (81,4,9,0,'9');
INSERT INTO S_1HCONCUSSION (RID, ARMORTYPEID, DAMAGE, FUMBLE, DESCRIPTION) VALUES (81,5,7,0,'7');
INSERT INTO S_1HCONCUSSION (RID, ARMORTYPEID, DAMAGE, FUMBLE, DESCRIPTION) VALUES (86,1,8,0,'8');
INSERT INTO S_1HCONCUSSION (RID, ARMORTYPEID, DAMAGE, FUMBLE, DESCRIPTION) VALUES (86,2,8,0,'8A');
INSERT INTO S_1HCONCUSSION (RID, ARMORTYPEID, DAMAGE, FUMBLE, DESCRIPTION) VALUES (86,3,7,0,'7A');
INSERT INTO S_1HCONCUSSION (RID, ARMORTYPEID, DAMAGE, FUMBLE, DESCRIPTION) VALUES (86,4,10,0,'10');
INSERT INTO S_1HCONCUSSION (RID, ARMORTYPEID, DAMAGE, FUMBLE, DESCRIPTION) VALUES (86,5,8,0,'8');
INSERT INTO S_1HCONCUSSION (RID, ARMORTYPEID, DAMAGE, FUMBLE, DESCRIPTION) VALUES (9,1,0,0,'0');
INSERT INTO S_1HCONCUSSION (RID, ARMORTYPEID, DAMAGE, FUMBLE, DESCRIPTION) VALUES (9,2,0,0,'0');
INSERT INTO S_1HCONCUSSION (RID, ARMORTYPEID, DAMAGE, FUMBLE, DESCRIPTION) VALUES (9,3,0,0,'0');
INSERT INTO S_1HCONCUSSION (RID, ARMORTYPEID, DAMAGE, FUMBLE, DESCRIPTION) VALUES (9,4,0,0,'0');
INSERT INTO S_1HCONCUSSION (RID, ARMORTYPEID, DAMAGE, FUMBLE, DESCRIPTION) VALUES (9,5,0,0,'0');
INSERT INTO S_1HCONCUSSION (RID, ARMORTYPEID, DAMAGE, FUMBLE, DESCRIPTION) VALUES (91,1,9,0,'9A');
INSERT INTO S_1HCONCUSSION (RID, ARMORTYPEID, DAMAGE, FUMBLE, DESCRIPTION) VALUES (91,2,9,0,'9A');
INSERT INTO S_1HCONCUSSION (RID, ARMORTYPEID, DAMAGE, FUMBLE, DESCRIPTION) VALUES (91,3,8,0,'8A');
INSERT INTO S_1HCONCUSSION (RID, ARMORTYPEID, DAMAGE, FUMBLE, DESCRIPTION) VALUES (91,4,11,0,'11');
INSERT INTO S_1HCONCUSSION (RID, ARMORTYPEID, DAMAGE, FUMBLE, DESCRIPTION) VALUES (91,5,8,0,'8');
INSERT INTO S_1HCONCUSSION (RID, ARMORTYPEID, DAMAGE, FUMBLE, DESCRIPTION) VALUES (96,1,10,0,'10B');
INSERT INTO S_1HCONCUSSION (RID, ARMORTYPEID, DAMAGE, FUMBLE, DESCRIPTION) VALUES (96,2,10,0,'10B');
INSERT INTO S_1HCONCUSSION (RID, ARMORTYPEID, DAMAGE, FUMBLE, DESCRIPTION) VALUES (96,3,9,0,'9B');
INSERT INTO S_1HCONCUSSION (RID, ARMORTYPEID, DAMAGE, FUMBLE, DESCRIPTION) VALUES (96,4,12,0,'12A');
INSERT INTO S_1HCONCUSSION (RID, ARMORTYPEID, DAMAGE, FUMBLE, DESCRIPTION) VALUES (96,5,9,0,'9');
INSERT INTO S_1HSLASH (RID, ARMORTYPEID, DAMAGE, FUMBLE, DESCRIPTION) VALUES (0,1,0,1,'F');
INSERT INTO S_1HSLASH (RID, ARMORTYPEID, DAMAGE, FUMBLE, DESCRIPTION) VALUES (0,2,0,1,'F');
INSERT INTO S_1HSLASH (RID, ARMORTYPEID, DAMAGE, FUMBLE, DESCRIPTION) VALUES (0,3,0,1,'F');
INSERT INTO S_1HSLASH (RID, ARMORTYPEID, DAMAGE, FUMBLE, DESCRIPTION) VALUES (0,4,0,1,'F');
INSERT INTO S_1HSLASH (RID, ARMORTYPEID, DAMAGE, FUMBLE, DESCRIPTION) VALUES (0,5,0,1,'F');
INSERT INTO S_1HSLASH (RID, ARMORTYPEID, DAMAGE, FUMBLE, DESCRIPTION) VALUES (1,1,0,1,'F');
INSERT INTO S_1HSLASH (RID, ARMORTYPEID, DAMAGE, FUMBLE, DESCRIPTION) VALUES (1,2,0,1,'F');
INSERT INTO S_1HSLASH (RID, ARMORTYPEID, DAMAGE, FUMBLE, DESCRIPTION) VALUES (1,3,0,1,'F');
INSERT INTO S_1HSLASH (RID, ARMORTYPEID, DAMAGE, FUMBLE, DESCRIPTION) VALUES (1,4,0,1,'F');
INSERT INTO S_1HSLASH (RID, ARMORTYPEID, DAMAGE, FUMBLE, DESCRIPTION) VALUES (1,5,0,1,'F');
INSERT INTO S_1HSLASH (RID, ARMORTYPEID, DAMAGE, FUMBLE, DESCRIPTION) VALUES (101,1,15,0,'15C');
INSERT INTO S_1HSLASH (RID, ARMORTYPEID, DAMAGE, FUMBLE, DESCRIPTION) VALUES (101,2,14,0,'14C');
INSERT INTO S_1HSLASH (RID, ARMORTYPEID, DAMAGE, FUMBLE, DESCRIPTION) VALUES (101,3,11,0,'11B');
INSERT INTO S_1HSLASH (RID, ARMORTYPEID, DAMAGE, FUMBLE, DESCRIPTION) VALUES (101,4,10,0,'10A');
INSERT INTO S_1HSLASH (RID, ARMORTYPEID, DAMAGE, FUMBLE, DESCRIPTION) VALUES (101,5,7,0,'7');
INSERT INTO S_1HSLASH (RID, ARMORTYPEID, DAMAGE, FUMBLE, DESCRIPTION) VALUES (106,1,17,0,'17D');
INSERT INTO S_1HSLASH (RID, ARMORTYPEID, DAMAGE, FUMBLE, DESCRIPTION) VALUES (106,2,15,0,'15C');
INSERT INTO S_1HSLASH (RID, ARMORTYPEID, DAMAGE, FUMBLE, DESCRIPTION) VALUES (106,3,12,0,'12B');
INSERT INTO S_1HSLASH (RID, ARMORTYPEID, DAMAGE, FUMBLE, DESCRIPTION) VALUES (106,4,11,0,'11A');
INSERT INTO S_1HSLASH (RID, ARMORTYPEID, DAMAGE, FUMBLE, DESCRIPTION) VALUES (106,5,8,0,'8');
INSERT INTO S_1HSLASH (RID, ARMORTYPEID, DAMAGE, FUMBLE, DESCRIPTION) VALUES (111,1,19,0,'19D');
INSERT INTO S_1HSLASH (RID, ARMORTYPEID, DAMAGE, FUMBLE, DESCRIPTION) VALUES (111,2,17,0,'17C');
INSERT INTO S_1HSLASH (RID, ARMORTYPEID, DAMAGE, FUMBLE, DESCRIPTION) VALUES (111,3,13,0,'13C');
INSERT INTO S_1HSLASH (RID, ARMORTYPEID, DAMAGE, FUMBLE, DESCRIPTION) VALUES (111,4,12,0,'12B');
INSERT INTO S_1HSLASH (RID, ARMORTYPEID, DAMAGE, FUMBLE, DESCRIPTION) VALUES (111,5,8,0,'8A');
INSERT INTO S_1HSLASH (RID, ARMORTYPEID, DAMAGE, FUMBLE, DESCRIPTION) VALUES (116,1,20,0,'20D');
INSERT INTO S_1HSLASH (RID, ARMORTYPEID, DAMAGE, FUMBLE, DESCRIPTION) VALUES (116,2,18,0,'18D');
INSERT INTO S_1HSLASH (RID, ARMORTYPEID, DAMAGE, FUMBLE, DESCRIPTION) VALUES (116,3,15,0,'15C');
INSERT INTO S_1HSLASH (RID, ARMORTYPEID, DAMAGE, FUMBLE, DESCRIPTION) VALUES (116,4,13,0,'13B');
INSERT INTO S_1HSLASH (RID, ARMORTYPEID, DAMAGE, FUMBLE, DESCRIPTION) VALUES (116,5,9,0,'9A');
INSERT INTO S_1HSLASH (RID, ARMORTYPEID, DAMAGE, FUMBLE, DESCRIPTION) VALUES (121,1,21,0,'21E');
INSERT INTO S_1HSLASH (RID, ARMORTYPEID, DAMAGE, FUMBLE, DESCRIPTION) VALUES (121,2,19,0,'19D');
INSERT INTO S_1HSLASH (RID, ARMORTYPEID, DAMAGE, FUMBLE, DESCRIPTION) VALUES (121,3,16,0,'16C');
INSERT INTO S_1HSLASH (RID, ARMORTYPEID, DAMAGE, FUMBLE, DESCRIPTION) VALUES (121,4,13,0,'13C');
INSERT INTO S_1HSLASH (RID, ARMORTYPEID, DAMAGE, FUMBLE, DESCRIPTION) VALUES (121,5,9,0,'9A');
INSERT INTO S_1HSLASH (RID, ARMORTYPEID, DAMAGE, FUMBLE, DESCRIPTION) VALUES (126,1,23,0,'23E');
INSERT INTO S_1HSLASH (RID, ARMORTYPEID, DAMAGE, FUMBLE, DESCRIPTION) VALUES (126,2,20,0,'20D');
INSERT INTO S_1HSLASH (RID, ARMORTYPEID, DAMAGE, FUMBLE, DESCRIPTION) VALUES (126,3,17,0,'17D');
INSERT INTO S_1HSLASH (RID, ARMORTYPEID, DAMAGE, FUMBLE, DESCRIPTION) VALUES (126,4,14,0,'14C');
INSERT INTO S_1HSLASH (RID, ARMORTYPEID, DAMAGE, FUMBLE, DESCRIPTION) VALUES (126,5,10,0,'10B');
INSERT INTO S_1HSLASH (RID, ARMORTYPEID, DAMAGE, FUMBLE, DESCRIPTION) VALUES (131,1,25,0,'25E');
INSERT INTO S_1HSLASH (RID, ARMORTYPEID, DAMAGE, FUMBLE, DESCRIPTION) VALUES (131,2,22,0,'22D');
INSERT INTO S_1HSLASH (RID, ARMORTYPEID, DAMAGE, FUMBLE, DESCRIPTION) VALUES (131,3,18,0,'18D');
INSERT INTO S_1HSLASH (RID, ARMORTYPEID, DAMAGE, FUMBLE, DESCRIPTION) VALUES (131,4,15,0,'15C');
INSERT INTO S_1HSLASH (RID, ARMORTYPEID, DAMAGE, FUMBLE, DESCRIPTION) VALUES (131,5,11,0,'11B');
INSERT INTO S_1HSLASH (RID, ARMORTYPEID, DAMAGE, FUMBLE, DESCRIPTION) VALUES (136,1,27,0,'27E');
INSERT INTO S_1HSLASH (RID, ARMORTYPEID, DAMAGE, FUMBLE, DESCRIPTION) VALUES (136,2,23,0,'23E');
INSERT INTO S_1HSLASH (RID, ARMORTYPEID, DAMAGE, FUMBLE, DESCRIPTION) VALUES (136,3,20,0,'20D');
INSERT INTO S_1HSLASH (RID, ARMORTYPEID, DAMAGE, FUMBLE, DESCRIPTION) VALUES (136,4,16,0,'16D');
INSERT INTO S_1HSLASH (RID, ARMORTYPEID, DAMAGE, FUMBLE, DESCRIPTION) VALUES (136,5,11,0,'11C');
INSERT INTO S_1HSLASH (RID, ARMORTYPEID, DAMAGE, FUMBLE, DESCRIPTION) VALUES (141,1,28,0,'28E');
INSERT INTO S_1HSLASH (RID, ARMORTYPEID, DAMAGE, FUMBLE, DESCRIPTION) VALUES (141,2,24,0,'24E');
INSERT INTO S_1HSLASH (RID, ARMORTYPEID, DAMAGE, FUMBLE, DESCRIPTION) VALUES (141,3,21,0,'21E');
INSERT INTO S_1HSLASH (RID, ARMORTYPEID, DAMAGE, FUMBLE, DESCRIPTION) VALUES (141,4,17,0,'17D');
INSERT INTO S_1HSLASH (RID, ARMORTYPEID, DAMAGE, FUMBLE, DESCRIPTION) VALUES (141,5,12,0,'12D');
INSERT INTO S_1HSLASH (RID, ARMORTYPEID, DAMAGE, FUMBLE, DESCRIPTION) VALUES (146,1,30,0,'30E');
INSERT INTO S_1HSLASH (RID, ARMORTYPEID, DAMAGE, FUMBLE, DESCRIPTION) VALUES (146,2,25,0,'25E');
INSERT INTO S_1HSLASH (RID, ARMORTYPEID, DAMAGE, FUMBLE, DESCRIPTION) VALUES (146,3,22,0,'22E');
INSERT INTO S_1HSLASH (RID, ARMORTYPEID, DAMAGE, FUMBLE, DESCRIPTION) VALUES (146,4,18,0,'18E');
INSERT INTO S_1HSLASH (RID, ARMORTYPEID, DAMAGE, FUMBLE, DESCRIPTION) VALUES (146,5,12,0,'12E');
INSERT INTO S_1HSLASH (RID, ARMORTYPEID, DAMAGE, FUMBLE, DESCRIPTION) VALUES (46,1,0,0,'0');
INSERT INTO S_1HSLASH (RID, ARMORTYPEID, DAMAGE, FUMBLE, DESCRIPTION) VALUES (46,2,0,0,'0');
INSERT INTO S_1HSLASH (RID, ARMORTYPEID, DAMAGE, FUMBLE, DESCRIPTION) VALUES (46,3,0,0,'0');
INSERT INTO S_1HSLASH (RID, ARMORTYPEID, DAMAGE, FUMBLE, DESCRIPTION) VALUES (46,4,0,0,'0');
INSERT INTO S_1HSLASH (RID, ARMORTYPEID, DAMAGE, FUMBLE, DESCRIPTION) VALUES (46,5,1,0,'1');
INSERT INTO S_1HSLASH (RID, ARMORTYPEID, DAMAGE, FUMBLE, DESCRIPTION) VALUES (51,1,0,0,'0');
INSERT INTO S_1HSLASH (RID, ARMORTYPEID, DAMAGE, FUMBLE, DESCRIPTION) VALUES (51,2,0,0,'0');
INSERT INTO S_1HSLASH (RID, ARMORTYPEID, DAMAGE, FUMBLE, DESCRIPTION) VALUES (51,3,0,0,'0');
INSERT INTO S_1HSLASH (RID, ARMORTYPEID, DAMAGE, FUMBLE, DESCRIPTION) VALUES (51,4,1,0,'1');
INSERT INTO S_1HSLASH (RID, ARMORTYPEID, DAMAGE, FUMBLE, DESCRIPTION) VALUES (51,5,1,0,'1');
INSERT INTO S_1HSLASH (RID, ARMORTYPEID, DAMAGE, FUMBLE, DESCRIPTION) VALUES (56,1,0,0,'0');
INSERT INTO S_1HSLASH (RID, ARMORTYPEID, DAMAGE, FUMBLE, DESCRIPTION) VALUES (56,2,0,0,'0');
INSERT INTO S_1HSLASH (RID, ARMORTYPEID, DAMAGE, FUMBLE, DESCRIPTION) VALUES (56,3,0,0,'0');
INSERT INTO S_1HSLASH (RID, ARMORTYPEID, DAMAGE, FUMBLE, DESCRIPTION) VALUES (56,4,1,0,'1');
INSERT INTO S_1HSLASH (RID, ARMORTYPEID, DAMAGE, FUMBLE, DESCRIPTION) VALUES (56,5,2,0,'2');
INSERT INTO S_1HSLASH (RID, ARMORTYPEID, DAMAGE, FUMBLE, DESCRIPTION) VALUES (61,1,0,0,'0');
INSERT INTO S_1HSLASH (RID, ARMORTYPEID, DAMAGE, FUMBLE, DESCRIPTION) VALUES (61,2,0,0,'0');
INSERT INTO S_1HSLASH (RID, ARMORTYPEID, DAMAGE, FUMBLE, DESCRIPTION) VALUES (61,3,0,0,'0');
INSERT INTO S_1HSLASH (RID, ARMORTYPEID, DAMAGE, FUMBLE, DESCRIPTION) VALUES (61,4,2,0,'2');
INSERT INTO S_1HSLASH (RID, ARMORTYPEID, DAMAGE, FUMBLE, DESCRIPTION) VALUES (61,5,2,0,'2');
INSERT INTO S_1HSLASH (RID, ARMORTYPEID, DAMAGE, FUMBLE, DESCRIPTION) VALUES (66,1,0,0,'0');
INSERT INTO S_1HSLASH (RID, ARMORTYPEID, DAMAGE, FUMBLE, DESCRIPTION) VALUES (66,2,3,0,'3');
INSERT INTO S_1HSLASH (RID, ARMORTYPEID, DAMAGE, FUMBLE, DESCRIPTION) VALUES (66,3,3,0,'3');
INSERT INTO S_1HSLASH (RID, ARMORTYPEID, DAMAGE, FUMBLE, DESCRIPTION) VALUES (66,4,3,0,'3');
INSERT INTO S_1HSLASH (RID, ARMORTYPEID, DAMAGE, FUMBLE, DESCRIPTION) VALUES (66,5,3,0,'3');
INSERT INTO S_1HSLASH (RID, ARMORTYPEID, DAMAGE, FUMBLE, DESCRIPTION) VALUES (71,1,0,0,'0');
INSERT INTO S_1HSLASH (RID, ARMORTYPEID, DAMAGE, FUMBLE, DESCRIPTION) VALUES (71,2,5,0,'5');
INSERT INTO S_1HSLASH (RID, ARMORTYPEID, DAMAGE, FUMBLE, DESCRIPTION) VALUES (71,3,4,0,'4');
INSERT INTO S_1HSLASH (RID, ARMORTYPEID, DAMAGE, FUMBLE, DESCRIPTION) VALUES (71,4,4,0,'4');
INSERT INTO S_1HSLASH (RID, ARMORTYPEID, DAMAGE, FUMBLE, DESCRIPTION) VALUES (71,5,3,0,'3');
INSERT INTO S_1HSLASH (RID, ARMORTYPEID, DAMAGE, FUMBLE, DESCRIPTION) VALUES (76,1,7,0,'7');
INSERT INTO S_1HSLASH (RID, ARMORTYPEID, DAMAGE, FUMBLE, DESCRIPTION) VALUES (76,2,7,0,'7A');
INSERT INTO S_1HSLASH (RID, ARMORTYPEID, DAMAGE, FUMBLE, DESCRIPTION) VALUES (76,3,5,0,'5');
INSERT INTO S_1HSLASH (RID, ARMORTYPEID, DAMAGE, FUMBLE, DESCRIPTION) VALUES (76,4,5,0,'5');
INSERT INTO S_1HSLASH (RID, ARMORTYPEID, DAMAGE, FUMBLE, DESCRIPTION) VALUES (76,5,4,0,'4');
INSERT INTO S_1HSLASH (RID, ARMORTYPEID, DAMAGE, FUMBLE, DESCRIPTION) VALUES (81,1,9,0,'9A');
INSERT INTO S_1HSLASH (RID, ARMORTYPEID, DAMAGE, FUMBLE, DESCRIPTION) VALUES (81,2,9,0,'9A');
INSERT INTO S_1HSLASH (RID, ARMORTYPEID, DAMAGE, FUMBLE, DESCRIPTION) VALUES (81,3,6,0,'6');
INSERT INTO S_1HSLASH (RID, ARMORTYPEID, DAMAGE, FUMBLE, DESCRIPTION) VALUES (81,4,6,0,'6');
INSERT INTO S_1HSLASH (RID, ARMORTYPEID, DAMAGE, FUMBLE, DESCRIPTION) VALUES (81,5,5,0,'5');
INSERT INTO S_1HSLASH (RID, ARMORTYPEID, DAMAGE, FUMBLE, DESCRIPTION) VALUES (86,1,10,0,'10A');
INSERT INTO S_1HSLASH (RID, ARMORTYPEID, DAMAGE, FUMBLE, DESCRIPTION) VALUES (86,2,10,0,'10B');
INSERT INTO S_1HSLASH (RID, ARMORTYPEID, DAMAGE, FUMBLE, DESCRIPTION) VALUES (86,3,7,0,'7A');
INSERT INTO S_1HSLASH (RID, ARMORTYPEID, DAMAGE, FUMBLE, DESCRIPTION) VALUES (86,4,7,0,'7');
INSERT INTO S_1HSLASH (RID, ARMORTYPEID, DAMAGE, FUMBLE, DESCRIPTION) VALUES (86,5,5,0,'5');
INSERT INTO S_1HSLASH (RID, ARMORTYPEID, DAMAGE, FUMBLE, DESCRIPTION) VALUES (9,1,0,0,'0');
INSERT INTO S_1HSLASH (RID, ARMORTYPEID, DAMAGE, FUMBLE, DESCRIPTION) VALUES (9,2,0,0,'0');
INSERT INTO S_1HSLASH (RID, ARMORTYPEID, DAMAGE, FUMBLE, DESCRIPTION) VALUES (9,3,0,0,'0');
INSERT INTO S_1HSLASH (RID, ARMORTYPEID, DAMAGE, FUMBLE, DESCRIPTION) VALUES (9,4,0,0,'0');
INSERT INTO S_1HSLASH (RID, ARMORTYPEID, DAMAGE, FUMBLE, DESCRIPTION) VALUES (9,5,0,0,'0');
INSERT INTO S_1HSLASH (RID, ARMORTYPEID, DAMAGE, FUMBLE, DESCRIPTION) VALUES (91,1,11,0,'11B');
INSERT INTO S_1HSLASH (RID, ARMORTYPEID, DAMAGE, FUMBLE, DESCRIPTION) VALUES (91,2,12,0,'12B');
INSERT INTO S_1HSLASH (RID, ARMORTYPEID, DAMAGE, FUMBLE, DESCRIPTION) VALUES (91,3,9,0,'9A');
INSERT INTO S_1HSLASH (RID, ARMORTYPEID, DAMAGE, FUMBLE, DESCRIPTION) VALUES (91,4,8,0,'8');
INSERT INTO S_1HSLASH (RID, ARMORTYPEID, DAMAGE, FUMBLE, DESCRIPTION) VALUES (91,5,6,0,'6');
INSERT INTO S_1HSLASH (RID, ARMORTYPEID, DAMAGE, FUMBLE, DESCRIPTION) VALUES (96,1,13,0,'13C');
INSERT INTO S_1HSLASH (RID, ARMORTYPEID, DAMAGE, FUMBLE, DESCRIPTION) VALUES (96,2,13,0,'13B');
INSERT INTO S_1HSLASH (RID, ARMORTYPEID, DAMAGE, FUMBLE, DESCRIPTION) VALUES (96,3,10,0,'10B');
INSERT INTO S_1HSLASH (RID, ARMORTYPEID, DAMAGE, FUMBLE, DESCRIPTION) VALUES (96,4,9,0,'9');
INSERT INTO S_1HSLASH (RID, ARMORTYPEID, DAMAGE, FUMBLE, DESCRIPTION) VALUES (96,5,6,0,'6');
INSERT INTO S_2H (RID, ARMORTYPEID, DAMAGE, FUMBLE, DESCRIPTION) VALUES (0,1,0,1,'F');
INSERT INTO S_2H (RID, ARMORTYPEID, DAMAGE, FUMBLE, DESCRIPTION) VALUES (0,2,0,1,'F');
INSERT INTO S_2H (RID, ARMORTYPEID, DAMAGE, FUMBLE, DESCRIPTION) VALUES (0,3,0,1,'F');
INSERT INTO S_2H (RID, ARMORTYPEID, DAMAGE, FUMBLE, DESCRIPTION) VALUES (0,4,0,1,'F');
INSERT INTO S_2H (RID, ARMORTYPEID, DAMAGE, FUMBLE, DESCRIPTION) VALUES (0,5,0,1,'F');
INSERT INTO S_2H (RID, ARMORTYPEID, DAMAGE, FUMBLE, DESCRIPTION) VALUES (1,1,0,1,'F');
INSERT INTO S_2H (RID, ARMORTYPEID, DAMAGE, FUMBLE, DESCRIPTION) VALUES (1,2,0,1,'F');
INSERT INTO S_2H (RID, ARMORTYPEID, DAMAGE, FUMBLE, DESCRIPTION) VALUES (1,3,0,1,'F');
INSERT INTO S_2H (RID, ARMORTYPEID, DAMAGE, FUMBLE, DESCRIPTION) VALUES (1,4,0,1,'F');
INSERT INTO S_2H (RID, ARMORTYPEID, DAMAGE, FUMBLE, DESCRIPTION) VALUES (1,5,0,1,'F');
INSERT INTO S_2H (RID, ARMORTYPEID, DAMAGE, FUMBLE, DESCRIPTION) VALUES (101,1,22,0,'22D');
INSERT INTO S_2H (RID, ARMORTYPEID, DAMAGE, FUMBLE, DESCRIPTION) VALUES (101,2,22,0,'22C');
INSERT INTO S_2H (RID, ARMORTYPEID, DAMAGE, FUMBLE, DESCRIPTION) VALUES (101,3,17,0,'17C');
INSERT INTO S_2H (RID, ARMORTYPEID, DAMAGE, FUMBLE, DESCRIPTION) VALUES (101,4,16,0,'16B');
INSERT INTO S_2H (RID, ARMORTYPEID, DAMAGE, FUMBLE, DESCRIPTION) VALUES (101,5,12,0,'12A');
INSERT INTO S_2H (RID, ARMORTYPEID, DAMAGE, FUMBLE, DESCRIPTION) VALUES (106,1,25,0,'25D');
INSERT INTO S_2H (RID, ARMORTYPEID, DAMAGE, FUMBLE, DESCRIPTION) VALUES (106,2,24,0,'24C');
INSERT INTO S_2H (RID, ARMORTYPEID, DAMAGE, FUMBLE, DESCRIPTION) VALUES (106,3,19,0,'19C');
INSERT INTO S_2H (RID, ARMORTYPEID, DAMAGE, FUMBLE, DESCRIPTION) VALUES (106,4,18,0,'18B');
INSERT INTO S_2H (RID, ARMORTYPEID, DAMAGE, FUMBLE, DESCRIPTION) VALUES (106,5,13,0,'13A');
INSERT INTO S_2H (RID, ARMORTYPEID, DAMAGE, FUMBLE, DESCRIPTION) VALUES (111,1,28,0,'28E');
INSERT INTO S_2H (RID, ARMORTYPEID, DAMAGE, FUMBLE, DESCRIPTION) VALUES (111,2,27,0,'27D');
INSERT INTO S_2H (RID, ARMORTYPEID, DAMAGE, FUMBLE, DESCRIPTION) VALUES (111,3,22,0,'22C');
INSERT INTO S_2H (RID, ARMORTYPEID, DAMAGE, FUMBLE, DESCRIPTION) VALUES (111,4,20,0,'20C');
INSERT INTO S_2H (RID, ARMORTYPEID, DAMAGE, FUMBLE, DESCRIPTION) VALUES (111,5,14,0,'14B');
INSERT INTO S_2H (RID, ARMORTYPEID, DAMAGE, FUMBLE, DESCRIPTION) VALUES (116,1,31,0,'31E');
INSERT INTO S_2H (RID, ARMORTYPEID, DAMAGE, FUMBLE, DESCRIPTION) VALUES (116,2,29,0,'29D');
INSERT INTO S_2H (RID, ARMORTYPEID, DAMAGE, FUMBLE, DESCRIPTION) VALUES (116,3,24,0,'24D');
INSERT INTO S_2H (RID, ARMORTYPEID, DAMAGE, FUMBLE, DESCRIPTION) VALUES (116,4,22,0,'22C');
INSERT INTO S_2H (RID, ARMORTYPEID, DAMAGE, FUMBLE, DESCRIPTION) VALUES (116,5,15,0,'15B');
INSERT INTO S_2H (RID, ARMORTYPEID, DAMAGE, FUMBLE, DESCRIPTION) VALUES (121,1,33,0,'33E');
INSERT INTO S_2H (RID, ARMORTYPEID, DAMAGE, FUMBLE, DESCRIPTION) VALUES (121,2,31,0,'31D');
INSERT INTO S_2H (RID, ARMORTYPEID, DAMAGE, FUMBLE, DESCRIPTION) VALUES (121,3,27,0,'27D');
INSERT INTO S_2H (RID, ARMORTYPEID, DAMAGE, FUMBLE, DESCRIPTION) VALUES (121,4,24,0,'24C');
INSERT INTO S_2H (RID, ARMORTYPEID, DAMAGE, FUMBLE, DESCRIPTION) VALUES (121,5,16,0,'16C');
INSERT INTO S_2H (RID, ARMORTYPEID, DAMAGE, FUMBLE, DESCRIPTION) VALUES (126,1,36,0,'36E');
INSERT INTO S_2H (RID, ARMORTYPEID, DAMAGE, FUMBLE, DESCRIPTION) VALUES (126,2,33,0,'33E');
INSERT INTO S_2H (RID, ARMORTYPEID, DAMAGE, FUMBLE, DESCRIPTION) VALUES (126,3,29,0,'29D');
INSERT INTO S_2H (RID, ARMORTYPEID, DAMAGE, FUMBLE, DESCRIPTION) VALUES (126,4,26,0,'26D');
INSERT INTO S_2H (RID, ARMORTYPEID, DAMAGE, FUMBLE, DESCRIPTION) VALUES (126,5,17,0,'17C');
INSERT INTO S_2H (RID, ARMORTYPEID, DAMAGE, FUMBLE, DESCRIPTION) VALUES (131,1,39,0,'39E');
INSERT INTO S_2H (RID, ARMORTYPEID, DAMAGE, FUMBLE, DESCRIPTION) VALUES (131,2,36,0,'36E');
INSERT INTO S_2H (RID, ARMORTYPEID, DAMAGE, FUMBLE, DESCRIPTION) VALUES (131,3,32,0,'32E');
INSERT INTO S_2H (RID, ARMORTYPEID, DAMAGE, FUMBLE, DESCRIPTION) VALUES (131,4,28,0,'28D');
INSERT INTO S_2H (RID, ARMORTYPEID, DAMAGE, FUMBLE, DESCRIPTION) VALUES (131,5,19,0,'19D');
INSERT INTO S_2H (RID, ARMORTYPEID, DAMAGE, FUMBLE, DESCRIPTION) VALUES (136,1,42,0,'42E');
INSERT INTO S_2H (RID, ARMORTYPEID, DAMAGE, FUMBLE, DESCRIPTION) VALUES (136,2,38,0,'38E');
INSERT INTO S_2H (RID, ARMORTYPEID, DAMAGE, FUMBLE, DESCRIPTION) VALUES (136,3,34,0,'34E');
INSERT INTO S_2H (RID, ARMORTYPEID, DAMAGE, FUMBLE, DESCRIPTION) VALUES (136,4,29,0,'29E');
INSERT INTO S_2H (RID, ARMORTYPEID, DAMAGE, FUMBLE, DESCRIPTION) VALUES (136,5,20,0,'20D');
INSERT INTO S_2H (RID, ARMORTYPEID, DAMAGE, FUMBLE, DESCRIPTION) VALUES (141,1,45,0,'45E');
INSERT INTO S_2H (RID, ARMORTYPEID, DAMAGE, FUMBLE, DESCRIPTION) VALUES (141,2,40,0,'40E');
INSERT INTO S_2H (RID, ARMORTYPEID, DAMAGE, FUMBLE, DESCRIPTION) VALUES (141,3,37,0,'37E');
INSERT INTO S_2H (RID, ARMORTYPEID, DAMAGE, FUMBLE, DESCRIPTION) VALUES (141,4,31,0,'31E');
INSERT INTO S_2H (RID, ARMORTYPEID, DAMAGE, FUMBLE, DESCRIPTION) VALUES (141,5,21,0,'21E');
INSERT INTO S_2H (RID, ARMORTYPEID, DAMAGE, FUMBLE, DESCRIPTION) VALUES (146,1,48,0,'48E');
INSERT INTO S_2H (RID, ARMORTYPEID, DAMAGE, FUMBLE, DESCRIPTION) VALUES (146,2,43,0,'43E');
INSERT INTO S_2H (RID, ARMORTYPEID, DAMAGE, FUMBLE, DESCRIPTION) VALUES (146,3,40,0,'40E');
INSERT INTO S_2H (RID, ARMORTYPEID, DAMAGE, FUMBLE, DESCRIPTION) VALUES (146,4,33,0,'33E');
INSERT INTO S_2H (RID, ARMORTYPEID, DAMAGE, FUMBLE, DESCRIPTION) VALUES (146,5,22,0,'22E');
INSERT INTO S_2H (RID, ARMORTYPEID, DAMAGE, FUMBLE, DESCRIPTION) VALUES (56,1,0,0,'0');
INSERT INTO S_2H (RID, ARMORTYPEID, DAMAGE, FUMBLE, DESCRIPTION) VALUES (56,2,0,0,'0');
INSERT INTO S_2H (RID, ARMORTYPEID, DAMAGE, FUMBLE, DESCRIPTION) VALUES (56,3,0,0,'0');
INSERT INTO S_2H (RID, ARMORTYPEID, DAMAGE, FUMBLE, DESCRIPTION) VALUES (56,4,0,0,'0');
INSERT INTO S_2H (RID, ARMORTYPEID, DAMAGE, FUMBLE, DESCRIPTION) VALUES (56,5,2,0,'2');
INSERT INTO S_2H (RID, ARMORTYPEID, DAMAGE, FUMBLE, DESCRIPTION) VALUES (61,1,0,0,'0');
INSERT INTO S_2H (RID, ARMORTYPEID, DAMAGE, FUMBLE, DESCRIPTION) VALUES (61,2,0,0,'0');
INSERT INTO S_2H (RID, ARMORTYPEID, DAMAGE, FUMBLE, DESCRIPTION) VALUES (61,3,0,0,'0');
INSERT INTO S_2H (RID, ARMORTYPEID, DAMAGE, FUMBLE, DESCRIPTION) VALUES (61,4,0,0,'0');
INSERT INTO S_2H (RID, ARMORTYPEID, DAMAGE, FUMBLE, DESCRIPTION) VALUES (61,5,3,0,'3');
INSERT INTO S_2H (RID, ARMORTYPEID, DAMAGE, FUMBLE, DESCRIPTION) VALUES (66,1,0,0,'0');
INSERT INTO S_2H (RID, ARMORTYPEID, DAMAGE, FUMBLE, DESCRIPTION) VALUES (66,2,6,0,'6');
INSERT INTO S_2H (RID, ARMORTYPEID, DAMAGE, FUMBLE, DESCRIPTION) VALUES (66,3,0,0,'0');
INSERT INTO S_2H (RID, ARMORTYPEID, DAMAGE, FUMBLE, DESCRIPTION) VALUES (66,4,3,0,'3');
INSERT INTO S_2H (RID, ARMORTYPEID, DAMAGE, FUMBLE, DESCRIPTION) VALUES (66,5,4,0,'4');
INSERT INTO S_2H (RID, ARMORTYPEID, DAMAGE, FUMBLE, DESCRIPTION) VALUES (71,1,0,0,'0');
INSERT INTO S_2H (RID, ARMORTYPEID, DAMAGE, FUMBLE, DESCRIPTION) VALUES (71,2,8,0,'8A');
INSERT INTO S_2H (RID, ARMORTYPEID, DAMAGE, FUMBLE, DESCRIPTION) VALUES (71,3,2,0,'2');
INSERT INTO S_2H (RID, ARMORTYPEID, DAMAGE, FUMBLE, DESCRIPTION) VALUES (71,4,5,0,'5');
INSERT INTO S_2H (RID, ARMORTYPEID, DAMAGE, FUMBLE, DESCRIPTION) VALUES (71,5,5,0,'5');
INSERT INTO S_2H (RID, ARMORTYPEID, DAMAGE, FUMBLE, DESCRIPTION) VALUES (76,1,0,0,'0');
INSERT INTO S_2H (RID, ARMORTYPEID, DAMAGE, FUMBLE, DESCRIPTION) VALUES (76,2,10,0,'10A');
INSERT INTO S_2H (RID, ARMORTYPEID, DAMAGE, FUMBLE, DESCRIPTION) VALUES (76,3,4,0,'4A');
INSERT INTO S_2H (RID, ARMORTYPEID, DAMAGE, FUMBLE, DESCRIPTION) VALUES (76,4,7,0,'7');
INSERT INTO S_2H (RID, ARMORTYPEID, DAMAGE, FUMBLE, DESCRIPTION) VALUES (76,5,6,0,'6');
INSERT INTO S_2H (RID, ARMORTYPEID, DAMAGE, FUMBLE, DESCRIPTION) VALUES (81,1,10,0,'10A');
INSERT INTO S_2H (RID, ARMORTYPEID, DAMAGE, FUMBLE, DESCRIPTION) VALUES (81,2,13,0,'13B');
INSERT INTO S_2H (RID, ARMORTYPEID, DAMAGE, FUMBLE, DESCRIPTION) VALUES (81,3,7,0,'7A');
INSERT INTO S_2H (RID, ARMORTYPEID, DAMAGE, FUMBLE, DESCRIPTION) VALUES (81,4,9,0,'9');
INSERT INTO S_2H (RID, ARMORTYPEID, DAMAGE, FUMBLE, DESCRIPTION) VALUES (81,5,7,0,'7');
INSERT INTO S_2H (RID, ARMORTYPEID, DAMAGE, FUMBLE, DESCRIPTION) VALUES (86,1,13,0,'13B');
INSERT INTO S_2H (RID, ARMORTYPEID, DAMAGE, FUMBLE, DESCRIPTION) VALUES (86,2,15,0,'15B');
INSERT INTO S_2H (RID, ARMORTYPEID, DAMAGE, FUMBLE, DESCRIPTION) VALUES (86,3,9,0,'9B');
INSERT INTO S_2H (RID, ARMORTYPEID, DAMAGE, FUMBLE, DESCRIPTION) VALUES (86,4,11,0,'11');
INSERT INTO S_2H (RID, ARMORTYPEID, DAMAGE, FUMBLE, DESCRIPTION) VALUES (86,5,8,0,'8');
INSERT INTO S_2H (RID, ARMORTYPEID, DAMAGE, FUMBLE, DESCRIPTION) VALUES (9,1,0,0,'0');
INSERT INTO S_2H (RID, ARMORTYPEID, DAMAGE, FUMBLE, DESCRIPTION) VALUES (9,2,0,0,'0');
INSERT INTO S_2H (RID, ARMORTYPEID, DAMAGE, FUMBLE, DESCRIPTION) VALUES (9,3,0,0,'0');
INSERT INTO S_2H (RID, ARMORTYPEID, DAMAGE, FUMBLE, DESCRIPTION) VALUES (9,4,0,0,'0');
INSERT INTO S_2H (RID, ARMORTYPEID, DAMAGE, FUMBLE, DESCRIPTION) VALUES (9,5,0,0,'0');
INSERT INTO S_2H (RID, ARMORTYPEID, DAMAGE, FUMBLE, DESCRIPTION) VALUES (91,1,16,0,'16C');
INSERT INTO S_2H (RID, ARMORTYPEID, DAMAGE, FUMBLE, DESCRIPTION) VALUES (91,2,17,0,'17C');
INSERT INTO S_2H (RID, ARMORTYPEID, DAMAGE, FUMBLE, DESCRIPTION) VALUES (91,3,12,0,'12B');
INSERT INTO S_2H (RID, ARMORTYPEID, DAMAGE, FUMBLE, DESCRIPTION) VALUES (91,4,12,0,'12A');
INSERT INTO S_2H (RID, ARMORTYPEID, DAMAGE, FUMBLE, DESCRIPTION) VALUES (91,5,9,0,'9');
INSERT INTO S_2H (RID, ARMORTYPEID, DAMAGE, FUMBLE, DESCRIPTION) VALUES (96,1,19,0,'19D');
INSERT INTO S_2H (RID, ARMORTYPEID, DAMAGE, FUMBLE, DESCRIPTION) VALUES (96,2,20,0,'20C');
INSERT INTO S_2H (RID, ARMORTYPEID, DAMAGE, FUMBLE, DESCRIPTION) VALUES (96,3,14,0,'14C');
INSERT INTO S_2H (RID, ARMORTYPEID, DAMAGE, FUMBLE, DESCRIPTION) VALUES (96,4,14,0,'14A');
INSERT INTO S_2H (RID, ARMORTYPEID, DAMAGE, FUMBLE, DESCRIPTION) VALUES (96,5,11,0,'11');
INSERT INTO S_BALL (RID, ARMORTYPEID, DAMAGE, FUMBLE, DESCRIPTION) VALUES (0,1,0,1,'F');
INSERT INTO S_BALL (RID, ARMORTYPEID, DAMAGE, FUMBLE, DESCRIPTION) VALUES (0,2,0,1,'F');
INSERT INTO S_BALL (RID, ARMORTYPEID, DAMAGE, FUMBLE, DESCRIPTION) VALUES (0,3,0,1,'F');
INSERT INTO S_BALL (RID, ARMORTYPEID, DAMAGE, FUMBLE, DESCRIPTION) VALUES (0,4,0,1,'F');
INSERT INTO S_BALL (RID, ARMORTYPEID, DAMAGE, FUMBLE, DESCRIPTION) VALUES (0,5,0,1,'F');
INSERT INTO S_BALL (RID, ARMORTYPEID, DAMAGE, FUMBLE, DESCRIPTION) VALUES (1,1,0,1,'F');
INSERT INTO S_BALL (RID, ARMORTYPEID, DAMAGE, FUMBLE, DESCRIPTION) VALUES (1,2,0,1,'F');
INSERT INTO S_BALL (RID, ARMORTYPEID, DAMAGE, FUMBLE, DESCRIPTION) VALUES (1,3,0,1,'F');
INSERT INTO S_BALL (RID, ARMORTYPEID, DAMAGE, FUMBLE, DESCRIPTION) VALUES (1,4,0,1,'F');
INSERT INTO S_BALL (RID, ARMORTYPEID, DAMAGE, FUMBLE, DESCRIPTION) VALUES (1,5,0,1,'F');
INSERT INTO S_BALL (RID, ARMORTYPEID, DAMAGE, FUMBLE, DESCRIPTION) VALUES (100,1,34,0,'34E');
INSERT INTO S_BALL (RID, ARMORTYPEID, DAMAGE, FUMBLE, DESCRIPTION) VALUES (100,2,19,0,'19E');
INSERT INTO S_BALL (RID, ARMORTYPEID, DAMAGE, FUMBLE, DESCRIPTION) VALUES (100,3,20,0,'20E');
INSERT INTO S_BALL (RID, ARMORTYPEID, DAMAGE, FUMBLE, DESCRIPTION) VALUES (100,4,21,0,'21E');
INSERT INTO S_BALL (RID, ARMORTYPEID, DAMAGE, FUMBLE, DESCRIPTION) VALUES (100,5,22,0,'22E');
INSERT INTO S_BALL (RID, ARMORTYPEID, DAMAGE, FUMBLE, DESCRIPTION) VALUES (13,1,2,0,'2');
INSERT INTO S_BALL (RID, ARMORTYPEID, DAMAGE, FUMBLE, DESCRIPTION) VALUES (13,2,0,0,'0');
INSERT INTO S_BALL (RID, ARMORTYPEID, DAMAGE, FUMBLE, DESCRIPTION) VALUES (13,3,0,0,'0');
INSERT INTO S_BALL (RID, ARMORTYPEID, DAMAGE, FUMBLE, DESCRIPTION) VALUES (13,4,0,0,'0');
INSERT INTO S_BALL (RID, ARMORTYPEID, DAMAGE, FUMBLE, DESCRIPTION) VALUES (13,5,0,0,'0');
INSERT INTO S_BALL (RID, ARMORTYPEID, DAMAGE, FUMBLE, DESCRIPTION) VALUES (17,1,3,0,'3');
INSERT INTO S_BALL (RID, ARMORTYPEID, DAMAGE, FUMBLE, DESCRIPTION) VALUES (17,2,0,0,'0');
INSERT INTO S_BALL (RID, ARMORTYPEID, DAMAGE, FUMBLE, DESCRIPTION) VALUES (17,3,0,0,'0');
INSERT INTO S_BALL (RID, ARMORTYPEID, DAMAGE, FUMBLE, DESCRIPTION) VALUES (17,4,0,0,'0');
INSERT INTO S_BALL (RID, ARMORTYPEID, DAMAGE, FUMBLE, DESCRIPTION) VALUES (17,5,1,0,'1');
INSERT INTO S_BALL (RID, ARMORTYPEID, DAMAGE, FUMBLE, DESCRIPTION) VALUES (21,1,4,0,'4');
INSERT INTO S_BALL (RID, ARMORTYPEID, DAMAGE, FUMBLE, DESCRIPTION) VALUES (21,2,0,0,'0');
INSERT INTO S_BALL (RID, ARMORTYPEID, DAMAGE, FUMBLE, DESCRIPTION) VALUES (21,3,0,0,'0');
INSERT INTO S_BALL (RID, ARMORTYPEID, DAMAGE, FUMBLE, DESCRIPTION) VALUES (21,4,1,0,'1');
INSERT INTO S_BALL (RID, ARMORTYPEID, DAMAGE, FUMBLE, DESCRIPTION) VALUES (21,5,2,0,'2');
INSERT INTO S_BALL (RID, ARMORTYPEID, DAMAGE, FUMBLE, DESCRIPTION) VALUES (25,1,5,0,'5A');
INSERT INTO S_BALL (RID, ARMORTYPEID, DAMAGE, FUMBLE, DESCRIPTION) VALUES (25,2,0,0,'0');
INSERT INTO S_BALL (RID, ARMORTYPEID, DAMAGE, FUMBLE, DESCRIPTION) VALUES (25,3,1,0,'1');
INSERT INTO S_BALL (RID, ARMORTYPEID, DAMAGE, FUMBLE, DESCRIPTION) VALUES (25,4,2,0,'2');
INSERT INTO S_BALL (RID, ARMORTYPEID, DAMAGE, FUMBLE, DESCRIPTION) VALUES (25,5,3,0,'3');
INSERT INTO S_BALL (RID, ARMORTYPEID, DAMAGE, FUMBLE, DESCRIPTION) VALUES (29,1,6,0,'6A');
INSERT INTO S_BALL (RID, ARMORTYPEID, DAMAGE, FUMBLE, DESCRIPTION) VALUES (29,2,0,0,'0');
INSERT INTO S_BALL (RID, ARMORTYPEID, DAMAGE, FUMBLE, DESCRIPTION) VALUES (29,3,2,0,'2');
INSERT INTO S_BALL (RID, ARMORTYPEID, DAMAGE, FUMBLE, DESCRIPTION) VALUES (29,4,3,0,'3');
INSERT INTO S_BALL (RID, ARMORTYPEID, DAMAGE, FUMBLE, DESCRIPTION) VALUES (29,5,4,0,'4');
INSERT INTO S_BALL (RID, ARMORTYPEID, DAMAGE, FUMBLE, DESCRIPTION) VALUES (33,1,7,0,'7A');
INSERT INTO S_BALL (RID, ARMORTYPEID, DAMAGE, FUMBLE, DESCRIPTION) VALUES (33,2,1,0,'1');
INSERT INTO S_BALL (RID, ARMORTYPEID, DAMAGE, FUMBLE, DESCRIPTION) VALUES (33,3,3,0,'3');
INSERT INTO S_BALL (RID, ARMORTYPEID, DAMAGE, FUMBLE, DESCRIPTION) VALUES (33,4,4,0,'4');
INSERT INTO S_BALL (RID, ARMORTYPEID, DAMAGE, FUMBLE, DESCRIPTION) VALUES (33,5,5,0,'5A');
INSERT INTO S_BALL (RID, ARMORTYPEID, DAMAGE, FUMBLE, DESCRIPTION) VALUES (37,1,8,0,'8A');
INSERT INTO S_BALL (RID, ARMORTYPEID, DAMAGE, FUMBLE, DESCRIPTION) VALUES (37,2,2,0,'2');
INSERT INTO S_BALL (RID, ARMORTYPEID, DAMAGE, FUMBLE, DESCRIPTION) VALUES (37,3,4,0,'4');
INSERT INTO S_BALL (RID, ARMORTYPEID, DAMAGE, FUMBLE, DESCRIPTION) VALUES (37,4,5,0,'5A');
INSERT INTO S_BALL (RID, ARMORTYPEID, DAMAGE, FUMBLE, DESCRIPTION) VALUES (37,5,6,0,'6A');
INSERT INTO S_BALL (RID, ARMORTYPEID, DAMAGE, FUMBLE, DESCRIPTION) VALUES (41,1,9,0,'9A');
INSERT INTO S_BALL (RID, ARMORTYPEID, DAMAGE, FUMBLE, DESCRIPTION) VALUES (41,2,3,0,'3');
INSERT INTO S_BALL (RID, ARMORTYPEID, DAMAGE, FUMBLE, DESCRIPTION) VALUES (41,3,5,0,'5A');
INSERT INTO S_BALL (RID, ARMORTYPEID, DAMAGE, FUMBLE, DESCRIPTION) VALUES (41,4,6,0,'6A');
INSERT INTO S_BALL (RID, ARMORTYPEID, DAMAGE, FUMBLE, DESCRIPTION) VALUES (41,5,7,0,'7A');
INSERT INTO S_BALL (RID, ARMORTYPEID, DAMAGE, FUMBLE, DESCRIPTION) VALUES (45,1,10,0,'10B');
INSERT INTO S_BALL (RID, ARMORTYPEID, DAMAGE, FUMBLE, DESCRIPTION) VALUES (45,2,4,0,'4');
INSERT INTO S_BALL (RID, ARMORTYPEID, DAMAGE, FUMBLE, DESCRIPTION) VALUES (45,3,6,0,'6A');
INSERT INTO S_BALL (RID, ARMORTYPEID, DAMAGE, FUMBLE, DESCRIPTION) VALUES (45,4,7,0,'7A');
INSERT INTO S_BALL (RID, ARMORTYPEID, DAMAGE, FUMBLE, DESCRIPTION) VALUES (45,5,8,0,'8A');
INSERT INTO S_BALL (RID, ARMORTYPEID, DAMAGE, FUMBLE, DESCRIPTION) VALUES (49,1,11,0,'11B');
INSERT INTO S_BALL (RID, ARMORTYPEID, DAMAGE, FUMBLE, DESCRIPTION) VALUES (49,2,5,0,'5');
INSERT INTO S_BALL (RID, ARMORTYPEID, DAMAGE, FUMBLE, DESCRIPTION) VALUES (49,3,7,0,'7A');
INSERT INTO S_BALL (RID, ARMORTYPEID, DAMAGE, FUMBLE, DESCRIPTION) VALUES (49,4,8,0,'8A');
INSERT INTO S_BALL (RID, ARMORTYPEID, DAMAGE, FUMBLE, DESCRIPTION) VALUES (49,5,9,0,'9A');
INSERT INTO S_BALL (RID, ARMORTYPEID, DAMAGE, FUMBLE, DESCRIPTION) VALUES (5,1,0,1,'F');
INSERT INTO S_BALL (RID, ARMORTYPEID, DAMAGE, FUMBLE, DESCRIPTION) VALUES (5,2,0,1,'F');
INSERT INTO S_BALL (RID, ARMORTYPEID, DAMAGE, FUMBLE, DESCRIPTION) VALUES (5,3,0,1,'F');
INSERT INTO S_BALL (RID, ARMORTYPEID, DAMAGE, FUMBLE, DESCRIPTION) VALUES (5,4,0,1,'F');
INSERT INTO S_BALL (RID, ARMORTYPEID, DAMAGE, FUMBLE, DESCRIPTION) VALUES (5,5,0,1,'F');
INSERT INTO S_BALL (RID, ARMORTYPEID, DAMAGE, FUMBLE, DESCRIPTION) VALUES (53,1,12,0,'12B');
INSERT INTO S_BALL (RID, ARMORTYPEID, DAMAGE, FUMBLE, DESCRIPTION) VALUES (53,2,6,0,'6A');
INSERT INTO S_BALL (RID, ARMORTYPEID, DAMAGE, FUMBLE, DESCRIPTION) VALUES (53,3,8,0,'8A');
INSERT INTO S_BALL (RID, ARMORTYPEID, DAMAGE, FUMBLE, DESCRIPTION) VALUES (53,4,9,0,'9A');
INSERT INTO S_BALL (RID, ARMORTYPEID, DAMAGE, FUMBLE, DESCRIPTION) VALUES (53,5,10,0,'10B');
INSERT INTO S_BALL (RID, ARMORTYPEID, DAMAGE, FUMBLE, DESCRIPTION) VALUES (57,1,13,0,'13B');
INSERT INTO S_BALL (RID, ARMORTYPEID, DAMAGE, FUMBLE, DESCRIPTION) VALUES (57,2,7,0,'7A');
INSERT INTO S_BALL (RID, ARMORTYPEID, DAMAGE, FUMBLE, DESCRIPTION) VALUES (57,3,9,0,'9A');
INSERT INTO S_BALL (RID, ARMORTYPEID, DAMAGE, FUMBLE, DESCRIPTION) VALUES (57,4,10,0,'10B');
INSERT INTO S_BALL (RID, ARMORTYPEID, DAMAGE, FUMBLE, DESCRIPTION) VALUES (57,5,11,0,'11B');
INSERT INTO S_BALL (RID, ARMORTYPEID, DAMAGE, FUMBLE, DESCRIPTION) VALUES (61,1,14,0,'14B');
INSERT INTO S_BALL (RID, ARMORTYPEID, DAMAGE, FUMBLE, DESCRIPTION) VALUES (61,2,8,0,'8A');
INSERT INTO S_BALL (RID, ARMORTYPEID, DAMAGE, FUMBLE, DESCRIPTION) VALUES (61,3,10,0,'10B');
INSERT INTO S_BALL (RID, ARMORTYPEID, DAMAGE, FUMBLE, DESCRIPTION) VALUES (61,4,11,0,'11B');
INSERT INTO S_BALL (RID, ARMORTYPEID, DAMAGE, FUMBLE, DESCRIPTION) VALUES (61,5,12,0,'12B');
INSERT INTO S_BALL (RID, ARMORTYPEID, DAMAGE, FUMBLE, DESCRIPTION) VALUES (65,1,15,0,'15C');
INSERT INTO S_BALL (RID, ARMORTYPEID, DAMAGE, FUMBLE, DESCRIPTION) VALUES (65,2,9,0,'9A');
INSERT INTO S_BALL (RID, ARMORTYPEID, DAMAGE, FUMBLE, DESCRIPTION) VALUES (65,3,10,0,'10B');
INSERT INTO S_BALL (RID, ARMORTYPEID, DAMAGE, FUMBLE, DESCRIPTION) VALUES (65,4,11,0,'11B');
INSERT INTO S_BALL (RID, ARMORTYPEID, DAMAGE, FUMBLE, DESCRIPTION) VALUES (65,5,12,0,'12B');
INSERT INTO S_BALL (RID, ARMORTYPEID, DAMAGE, FUMBLE, DESCRIPTION) VALUES (69,1,16,0,'16C');
INSERT INTO S_BALL (RID, ARMORTYPEID, DAMAGE, FUMBLE, DESCRIPTION) VALUES (69,2,10,0,'10A');
INSERT INTO S_BALL (RID, ARMORTYPEID, DAMAGE, FUMBLE, DESCRIPTION) VALUES (69,3,11,0,'11B');
INSERT INTO S_BALL (RID, ARMORTYPEID, DAMAGE, FUMBLE, DESCRIPTION) VALUES (69,4,12,0,'12B');
INSERT INTO S_BALL (RID, ARMORTYPEID, DAMAGE, FUMBLE, DESCRIPTION) VALUES (69,5,13,0,'13B');
INSERT INTO S_BALL (RID, ARMORTYPEID, DAMAGE, FUMBLE, DESCRIPTION) VALUES (73,1,17,0,'17C');
INSERT INTO S_BALL (RID, ARMORTYPEID, DAMAGE, FUMBLE, DESCRIPTION) VALUES (73,2,10,0,'10A');
INSERT INTO S_BALL (RID, ARMORTYPEID, DAMAGE, FUMBLE, DESCRIPTION) VALUES (73,3,11,0,'11B');
INSERT INTO S_BALL (RID, ARMORTYPEID, DAMAGE, FUMBLE, DESCRIPTION) VALUES (73,4,12,0,'12B');
INSERT INTO S_BALL (RID, ARMORTYPEID, DAMAGE, FUMBLE, DESCRIPTION) VALUES (73,5,13,0,'13C');
INSERT INTO S_BALL (RID, ARMORTYPEID, DAMAGE, FUMBLE, DESCRIPTION) VALUES (77,1,18,0,'18C');
INSERT INTO S_BALL (RID, ARMORTYPEID, DAMAGE, FUMBLE, DESCRIPTION) VALUES (77,2,11,0,'11B');
INSERT INTO S_BALL (RID, ARMORTYPEID, DAMAGE, FUMBLE, DESCRIPTION) VALUES (77,3,12,0,'12B');
INSERT INTO S_BALL (RID, ARMORTYPEID, DAMAGE, FUMBLE, DESCRIPTION) VALUES (77,4,13,0,'13C');
INSERT INTO S_BALL (RID, ARMORTYPEID, DAMAGE, FUMBLE, DESCRIPTION) VALUES (77,5,14,0,'14C');
INSERT INTO S_BALL (RID, ARMORTYPEID, DAMAGE, FUMBLE, DESCRIPTION) VALUES (81,1,19,0,'19C');
INSERT INTO S_BALL (RID, ARMORTYPEID, DAMAGE, FUMBLE, DESCRIPTION) VALUES (81,2,11,0,'11B');
INSERT INTO S_BALL (RID, ARMORTYPEID, DAMAGE, FUMBLE, DESCRIPTION) VALUES (81,3,12,0,'12C');
INSERT INTO S_BALL (RID, ARMORTYPEID, DAMAGE, FUMBLE, DESCRIPTION) VALUES (81,4,13,0,'13C');
INSERT INTO S_BALL (RID, ARMORTYPEID, DAMAGE, FUMBLE, DESCRIPTION) VALUES (81,5,14,0,'14C');
INSERT INTO S_BALL (RID, ARMORTYPEID, DAMAGE, FUMBLE, DESCRIPTION) VALUES (85,1,20,0,'20C');
INSERT INTO S_BALL (RID, ARMORTYPEID, DAMAGE, FUMBLE, DESCRIPTION) VALUES (85,2,12,0,'12B');
INSERT INTO S_BALL (RID, ARMORTYPEID, DAMAGE, FUMBLE, DESCRIPTION) VALUES (85,3,13,0,'13C');
INSERT INTO S_BALL (RID, ARMORTYPEID, DAMAGE, FUMBLE, DESCRIPTION) VALUES (85,4,14,0,'14C');
INSERT INTO S_BALL (RID, ARMORTYPEID, DAMAGE, FUMBLE, DESCRIPTION) VALUES (85,5,15,0,'15C');
INSERT INTO S_BALL (RID, ARMORTYPEID, DAMAGE, FUMBLE, DESCRIPTION) VALUES (89,1,21,0,'21C');
INSERT INTO S_BALL (RID, ARMORTYPEID, DAMAGE, FUMBLE, DESCRIPTION) VALUES (89,2,12,0,'12B');
INSERT INTO S_BALL (RID, ARMORTYPEID, DAMAGE, FUMBLE, DESCRIPTION) VALUES (89,3,13,0,'13C');
INSERT INTO S_BALL (RID, ARMORTYPEID, DAMAGE, FUMBLE, DESCRIPTION) VALUES (89,4,14,0,'14C');
INSERT INTO S_BALL (RID, ARMORTYPEID, DAMAGE, FUMBLE, DESCRIPTION) VALUES (89,5,15,0,'15C');
INSERT INTO S_BALL (RID, ARMORTYPEID, DAMAGE, FUMBLE, DESCRIPTION) VALUES (9,1,1,0,'1');
INSERT INTO S_BALL (RID, ARMORTYPEID, DAMAGE, FUMBLE, DESCRIPTION) VALUES (9,2,0,0,'0');
INSERT INTO S_BALL (RID, ARMORTYPEID, DAMAGE, FUMBLE, DESCRIPTION) VALUES (9,3,0,0,'0');
INSERT INTO S_BALL (RID, ARMORTYPEID, DAMAGE, FUMBLE, DESCRIPTION) VALUES (9,4,0,0,'0');
INSERT INTO S_BALL (RID, ARMORTYPEID, DAMAGE, FUMBLE, DESCRIPTION) VALUES (9,5,0,0,'0');
INSERT INTO S_BALL (RID, ARMORTYPEID, DAMAGE, FUMBLE, DESCRIPTION) VALUES (93,1,22,0,'22C');
INSERT INTO S_BALL (RID, ARMORTYPEID, DAMAGE, FUMBLE, DESCRIPTION) VALUES (93,2,13,0,'13C');
INSERT INTO S_BALL (RID, ARMORTYPEID, DAMAGE, FUMBLE, DESCRIPTION) VALUES (93,3,14,0,'14C');
INSERT INTO S_BALL (RID, ARMORTYPEID, DAMAGE, FUMBLE, DESCRIPTION) VALUES (93,4,15,0,'15C');
INSERT INTO S_BALL (RID, ARMORTYPEID, DAMAGE, FUMBLE, DESCRIPTION) VALUES (93,5,16,0,'16C');
INSERT INTO S_BALL (RID, ARMORTYPEID, DAMAGE, FUMBLE, DESCRIPTION) VALUES (97,1,28,0,'28D');
INSERT INTO S_BALL (RID, ARMORTYPEID, DAMAGE, FUMBLE, DESCRIPTION) VALUES (97,2,16,0,'16D');
INSERT INTO S_BALL (RID, ARMORTYPEID, DAMAGE, FUMBLE, DESCRIPTION) VALUES (97,3,17,0,'17D');
INSERT INTO S_BALL (RID, ARMORTYPEID, DAMAGE, FUMBLE, DESCRIPTION) VALUES (97,4,18,0,'18D');
INSERT INTO S_BALL (RID, ARMORTYPEID, DAMAGE, FUMBLE, DESCRIPTION) VALUES (97,5,19,0,'19D');
INSERT INTO S_BOLT (RID, ARMORTYPEID, DAMAGE, FUMBLE, DESCRIPTION) VALUES (0,1,0,1,'F');
INSERT INTO S_BOLT (RID, ARMORTYPEID, DAMAGE, FUMBLE, DESCRIPTION) VALUES (0,2,0,1,'F');
INSERT INTO S_BOLT (RID, ARMORTYPEID, DAMAGE, FUMBLE, DESCRIPTION) VALUES (0,3,0,1,'F');
INSERT INTO S_BOLT (RID, ARMORTYPEID, DAMAGE, FUMBLE, DESCRIPTION) VALUES (0,4,0,1,'F');
INSERT INTO S_BOLT (RID, ARMORTYPEID, DAMAGE, FUMBLE, DESCRIPTION) VALUES (0,5,0,1,'F');
INSERT INTO S_BOLT (RID, ARMORTYPEID, DAMAGE, FUMBLE, DESCRIPTION) VALUES (1,1,0,1,'F');
INSERT INTO S_BOLT (RID, ARMORTYPEID, DAMAGE, FUMBLE, DESCRIPTION) VALUES (1,2,0,1,'F');
INSERT INTO S_BOLT (RID, ARMORTYPEID, DAMAGE, FUMBLE, DESCRIPTION) VALUES (1,3,0,1,'F');
INSERT INTO S_BOLT (RID, ARMORTYPEID, DAMAGE, FUMBLE, DESCRIPTION) VALUES (1,4,0,1,'F');
INSERT INTO S_BOLT (RID, ARMORTYPEID, DAMAGE, FUMBLE, DESCRIPTION) VALUES (1,5,0,1,'F');
INSERT INTO S_BOLT (RID, ARMORTYPEID, DAMAGE, FUMBLE, DESCRIPTION) VALUES (101,1,18,0,'18C');
INSERT INTO S_BOLT (RID, ARMORTYPEID, DAMAGE, FUMBLE, DESCRIPTION) VALUES (101,2,14,0,'14C');
INSERT INTO S_BOLT (RID, ARMORTYPEID, DAMAGE, FUMBLE, DESCRIPTION) VALUES (101,3,12,0,'12C');
INSERT INTO S_BOLT (RID, ARMORTYPEID, DAMAGE, FUMBLE, DESCRIPTION) VALUES (101,4,11,0,'11B');
INSERT INTO S_BOLT (RID, ARMORTYPEID, DAMAGE, FUMBLE, DESCRIPTION) VALUES (101,5,10,0,'10B');
INSERT INTO S_BOLT (RID, ARMORTYPEID, DAMAGE, FUMBLE, DESCRIPTION) VALUES (106,1,20,0,'20C');
INSERT INTO S_BOLT (RID, ARMORTYPEID, DAMAGE, FUMBLE, DESCRIPTION) VALUES (106,2,16,0,'16C');
INSERT INTO S_BOLT (RID, ARMORTYPEID, DAMAGE, FUMBLE, DESCRIPTION) VALUES (106,3,13,0,'13C');
INSERT INTO S_BOLT (RID, ARMORTYPEID, DAMAGE, FUMBLE, DESCRIPTION) VALUES (106,4,12,0,'12C');
INSERT INTO S_BOLT (RID, ARMORTYPEID, DAMAGE, FUMBLE, DESCRIPTION) VALUES (106,5,11,0,'11B');
INSERT INTO S_BOLT (RID, ARMORTYPEID, DAMAGE, FUMBLE, DESCRIPTION) VALUES (11,1,0,0,'0');
INSERT INTO S_BOLT (RID, ARMORTYPEID, DAMAGE, FUMBLE, DESCRIPTION) VALUES (11,2,0,0,'0');
INSERT INTO S_BOLT (RID, ARMORTYPEID, DAMAGE, FUMBLE, DESCRIPTION) VALUES (11,3,0,0,'0');
INSERT INTO S_BOLT (RID, ARMORTYPEID, DAMAGE, FUMBLE, DESCRIPTION) VALUES (11,4,0,1,'F');
INSERT INTO S_BOLT (RID, ARMORTYPEID, DAMAGE, FUMBLE, DESCRIPTION) VALUES (11,5,0,1,'F');
INSERT INTO S_BOLT (RID, ARMORTYPEID, DAMAGE, FUMBLE, DESCRIPTION) VALUES (111,1,22,0,'22D');
INSERT INTO S_BOLT (RID, ARMORTYPEID, DAMAGE, FUMBLE, DESCRIPTION) VALUES (111,2,18,0,'18C');
INSERT INTO S_BOLT (RID, ARMORTYPEID, DAMAGE, FUMBLE, DESCRIPTION) VALUES (111,3,14,0,'14C');
INSERT INTO S_BOLT (RID, ARMORTYPEID, DAMAGE, FUMBLE, DESCRIPTION) VALUES (111,4,13,0,'13C');
INSERT INTO S_BOLT (RID, ARMORTYPEID, DAMAGE, FUMBLE, DESCRIPTION) VALUES (111,5,12,0,'12B');
INSERT INTO S_BOLT (RID, ARMORTYPEID, DAMAGE, FUMBLE, DESCRIPTION) VALUES (116,1,24,0,'24D');
INSERT INTO S_BOLT (RID, ARMORTYPEID, DAMAGE, FUMBLE, DESCRIPTION) VALUES (116,2,20,0,'20D');
INSERT INTO S_BOLT (RID, ARMORTYPEID, DAMAGE, FUMBLE, DESCRIPTION) VALUES (116,3,15,0,'15C');
INSERT INTO S_BOLT (RID, ARMORTYPEID, DAMAGE, FUMBLE, DESCRIPTION) VALUES (116,4,14,0,'14C');
INSERT INTO S_BOLT (RID, ARMORTYPEID, DAMAGE, FUMBLE, DESCRIPTION) VALUES (116,5,12,0,'12C');
INSERT INTO S_BOLT (RID, ARMORTYPEID, DAMAGE, FUMBLE, DESCRIPTION) VALUES (121,1,26,0,'26E');
INSERT INTO S_BOLT (RID, ARMORTYPEID, DAMAGE, FUMBLE, DESCRIPTION) VALUES (121,2,22,0,'22D');
INSERT INTO S_BOLT (RID, ARMORTYPEID, DAMAGE, FUMBLE, DESCRIPTION) VALUES (121,3,16,0,'16D');
INSERT INTO S_BOLT (RID, ARMORTYPEID, DAMAGE, FUMBLE, DESCRIPTION) VALUES (121,4,15,0,'15C');
INSERT INTO S_BOLT (RID, ARMORTYPEID, DAMAGE, FUMBLE, DESCRIPTION) VALUES (121,5,13,0,'13C');
INSERT INTO S_BOLT (RID, ARMORTYPEID, DAMAGE, FUMBLE, DESCRIPTION) VALUES (126,1,28,0,'28E');
INSERT INTO S_BOLT (RID, ARMORTYPEID, DAMAGE, FUMBLE, DESCRIPTION) VALUES (126,2,24,0,'24E');
INSERT INTO S_BOLT (RID, ARMORTYPEID, DAMAGE, FUMBLE, DESCRIPTION) VALUES (126,3,17,0,'17D');
INSERT INTO S_BOLT (RID, ARMORTYPEID, DAMAGE, FUMBLE, DESCRIPTION) VALUES (126,4,16,0,'16D');
INSERT INTO S_BOLT (RID, ARMORTYPEID, DAMAGE, FUMBLE, DESCRIPTION) VALUES (126,5,14,0,'14C');
INSERT INTO S_BOLT (RID, ARMORTYPEID, DAMAGE, FUMBLE, DESCRIPTION) VALUES (131,1,30,0,'30E');
INSERT INTO S_BOLT (RID, ARMORTYPEID, DAMAGE, FUMBLE, DESCRIPTION) VALUES (131,2,26,0,'26E');
INSERT INTO S_BOLT (RID, ARMORTYPEID, DAMAGE, FUMBLE, DESCRIPTION) VALUES (131,3,18,0,'18E');
INSERT INTO S_BOLT (RID, ARMORTYPEID, DAMAGE, FUMBLE, DESCRIPTION) VALUES (131,4,17,0,'17D');
INSERT INTO S_BOLT (RID, ARMORTYPEID, DAMAGE, FUMBLE, DESCRIPTION) VALUES (131,5,15,0,'15C');
INSERT INTO S_BOLT (RID, ARMORTYPEID, DAMAGE, FUMBLE, DESCRIPTION) VALUES (136,1,32,0,'32E');
INSERT INTO S_BOLT (RID, ARMORTYPEID, DAMAGE, FUMBLE, DESCRIPTION) VALUES (136,2,28,0,'28E');
INSERT INTO S_BOLT (RID, ARMORTYPEID, DAMAGE, FUMBLE, DESCRIPTION) VALUES (136,3,19,0,'19E');
INSERT INTO S_BOLT (RID, ARMORTYPEID, DAMAGE, FUMBLE, DESCRIPTION) VALUES (136,4,18,0,'18D');
INSERT INTO S_BOLT (RID, ARMORTYPEID, DAMAGE, FUMBLE, DESCRIPTION) VALUES (136,5,16,0,'16D');
INSERT INTO S_BOLT (RID, ARMORTYPEID, DAMAGE, FUMBLE, DESCRIPTION) VALUES (141,1,34,0,'34E');
INSERT INTO S_BOLT (RID, ARMORTYPEID, DAMAGE, FUMBLE, DESCRIPTION) VALUES (141,2,30,0,'30E');
INSERT INTO S_BOLT (RID, ARMORTYPEID, DAMAGE, FUMBLE, DESCRIPTION) VALUES (141,3,20,0,'20E');
INSERT INTO S_BOLT (RID, ARMORTYPEID, DAMAGE, FUMBLE, DESCRIPTION) VALUES (141,4,20,0,'20E');
INSERT INTO S_BOLT (RID, ARMORTYPEID, DAMAGE, FUMBLE, DESCRIPTION) VALUES (141,5,17,0,'17D');
INSERT INTO S_BOLT (RID, ARMORTYPEID, DAMAGE, FUMBLE, DESCRIPTION) VALUES (146,1,36,0,'36E');
INSERT INTO S_BOLT (RID, ARMORTYPEID, DAMAGE, FUMBLE, DESCRIPTION) VALUES (146,2,31,0,'31E');
INSERT INTO S_BOLT (RID, ARMORTYPEID, DAMAGE, FUMBLE, DESCRIPTION) VALUES (146,3,22,0,'22E');
INSERT INTO S_BOLT (RID, ARMORTYPEID, DAMAGE, FUMBLE, DESCRIPTION) VALUES (146,4,22,0,'22E');
INSERT INTO S_BOLT (RID, ARMORTYPEID, DAMAGE, FUMBLE, DESCRIPTION) VALUES (146,5,18,0,'18E');
INSERT INTO S_BOLT (RID, ARMORTYPEID, DAMAGE, FUMBLE, DESCRIPTION) VALUES (21,1,0,0,'0');
INSERT INTO S_BOLT (RID, ARMORTYPEID, DAMAGE, FUMBLE, DESCRIPTION) VALUES (21,2,0,0,'0');
INSERT INTO S_BOLT (RID, ARMORTYPEID, DAMAGE, FUMBLE, DESCRIPTION) VALUES (21,3,0,0,'0');
INSERT INTO S_BOLT (RID, ARMORTYPEID, DAMAGE, FUMBLE, DESCRIPTION) VALUES (21,4,0,0,'0');
INSERT INTO S_BOLT (RID, ARMORTYPEID, DAMAGE, FUMBLE, DESCRIPTION) VALUES (21,5,0,0,'0');
INSERT INTO S_BOLT (RID, ARMORTYPEID, DAMAGE, FUMBLE, DESCRIPTION) VALUES (3,1,0,1,'F');
INSERT INTO S_BOLT (RID, ARMORTYPEID, DAMAGE, FUMBLE, DESCRIPTION) VALUES (3,2,0,1,'F');
INSERT INTO S_BOLT (RID, ARMORTYPEID, DAMAGE, FUMBLE, DESCRIPTION) VALUES (3,3,0,1,'F');
INSERT INTO S_BOLT (RID, ARMORTYPEID, DAMAGE, FUMBLE, DESCRIPTION) VALUES (3,4,0,1,'F');
INSERT INTO S_BOLT (RID, ARMORTYPEID, DAMAGE, FUMBLE, DESCRIPTION) VALUES (3,5,0,1,'F');
INSERT INTO S_BOLT (RID, ARMORTYPEID, DAMAGE, FUMBLE, DESCRIPTION) VALUES (36,1,0,0,'0');
INSERT INTO S_BOLT (RID, ARMORTYPEID, DAMAGE, FUMBLE, DESCRIPTION) VALUES (36,2,0,0,'0');
INSERT INTO S_BOLT (RID, ARMORTYPEID, DAMAGE, FUMBLE, DESCRIPTION) VALUES (36,3,0,0,'0');
INSERT INTO S_BOLT (RID, ARMORTYPEID, DAMAGE, FUMBLE, DESCRIPTION) VALUES (36,4,0,0,'0');
INSERT INTO S_BOLT (RID, ARMORTYPEID, DAMAGE, FUMBLE, DESCRIPTION) VALUES (36,5,1,0,'1');
INSERT INTO S_BOLT (RID, ARMORTYPEID, DAMAGE, FUMBLE, DESCRIPTION) VALUES (41,1,0,0,'0');
INSERT INTO S_BOLT (RID, ARMORTYPEID, DAMAGE, FUMBLE, DESCRIPTION) VALUES (41,2,0,0,'0');
INSERT INTO S_BOLT (RID, ARMORTYPEID, DAMAGE, FUMBLE, DESCRIPTION) VALUES (41,3,0,0,'0');
INSERT INTO S_BOLT (RID, ARMORTYPEID, DAMAGE, FUMBLE, DESCRIPTION) VALUES (41,4,1,0,'1');
INSERT INTO S_BOLT (RID, ARMORTYPEID, DAMAGE, FUMBLE, DESCRIPTION) VALUES (41,5,2,0,'2');
INSERT INTO S_BOLT (RID, ARMORTYPEID, DAMAGE, FUMBLE, DESCRIPTION) VALUES (46,1,0,0,'0');
INSERT INTO S_BOLT (RID, ARMORTYPEID, DAMAGE, FUMBLE, DESCRIPTION) VALUES (46,2,1,0,'1');
INSERT INTO S_BOLT (RID, ARMORTYPEID, DAMAGE, FUMBLE, DESCRIPTION) VALUES (46,3,0,0,'0');
INSERT INTO S_BOLT (RID, ARMORTYPEID, DAMAGE, FUMBLE, DESCRIPTION) VALUES (46,4,1,0,'1');
INSERT INTO S_BOLT (RID, ARMORTYPEID, DAMAGE, FUMBLE, DESCRIPTION) VALUES (46,5,3,0,'3');
INSERT INTO S_BOLT (RID, ARMORTYPEID, DAMAGE, FUMBLE, DESCRIPTION) VALUES (51,1,0,0,'0');
INSERT INTO S_BOLT (RID, ARMORTYPEID, DAMAGE, FUMBLE, DESCRIPTION) VALUES (51,2,1,0,'1');
INSERT INTO S_BOLT (RID, ARMORTYPEID, DAMAGE, FUMBLE, DESCRIPTION) VALUES (51,3,1,0,'1');
INSERT INTO S_BOLT (RID, ARMORTYPEID, DAMAGE, FUMBLE, DESCRIPTION) VALUES (51,4,2,0,'2');
INSERT INTO S_BOLT (RID, ARMORTYPEID, DAMAGE, FUMBLE, DESCRIPTION) VALUES (51,5,4,0,'4');
INSERT INTO S_BOLT (RID, ARMORTYPEID, DAMAGE, FUMBLE, DESCRIPTION) VALUES (55,1,0,0,'0');
INSERT INTO S_BOLT (RID, ARMORTYPEID, DAMAGE, FUMBLE, DESCRIPTION) VALUES (55,2,2,0,'2');
INSERT INTO S_BOLT (RID, ARMORTYPEID, DAMAGE, FUMBLE, DESCRIPTION) VALUES (55,3,2,0,'2');
INSERT INTO S_BOLT (RID, ARMORTYPEID, DAMAGE, FUMBLE, DESCRIPTION) VALUES (55,4,2,0,'2');
INSERT INTO S_BOLT (RID, ARMORTYPEID, DAMAGE, FUMBLE, DESCRIPTION) VALUES (55,5,5,0,'5');
INSERT INTO S_BOLT (RID, ARMORTYPEID, DAMAGE, FUMBLE, DESCRIPTION) VALUES (61,1,8,0,'8A');
INSERT INTO S_BOLT (RID, ARMORTYPEID, DAMAGE, FUMBLE, DESCRIPTION) VALUES (61,2,3,0,'3');
INSERT INTO S_BOLT (RID, ARMORTYPEID, DAMAGE, FUMBLE, DESCRIPTION) VALUES (61,3,4,0,'4');
INSERT INTO S_BOLT (RID, ARMORTYPEID, DAMAGE, FUMBLE, DESCRIPTION) VALUES (61,4,3,0,'3');
INSERT INTO S_BOLT (RID, ARMORTYPEID, DAMAGE, FUMBLE, DESCRIPTION) VALUES (61,5,6,0,'6');
INSERT INTO S_BOLT (RID, ARMORTYPEID, DAMAGE, FUMBLE, DESCRIPTION) VALUES (66,1,10,0,'10A');
INSERT INTO S_BOLT (RID, ARMORTYPEID, DAMAGE, FUMBLE, DESCRIPTION) VALUES (66,2,4,0,'4A');
INSERT INTO S_BOLT (RID, ARMORTYPEID, DAMAGE, FUMBLE, DESCRIPTION) VALUES (66,3,5,0,'5');
INSERT INTO S_BOLT (RID, ARMORTYPEID, DAMAGE, FUMBLE, DESCRIPTION) VALUES (66,4,4,0,'4');
INSERT INTO S_BOLT (RID, ARMORTYPEID, DAMAGE, FUMBLE, DESCRIPTION) VALUES (66,5,7,0,'7A');
INSERT INTO S_BOLT (RID, ARMORTYPEID, DAMAGE, FUMBLE, DESCRIPTION) VALUES (71,1,11,0,'11B');
INSERT INTO S_BOLT (RID, ARMORTYPEID, DAMAGE, FUMBLE, DESCRIPTION) VALUES (71,2,5,0,'5A');
INSERT INTO S_BOLT (RID, ARMORTYPEID, DAMAGE, FUMBLE, DESCRIPTION) VALUES (71,3,6,0,'6');
INSERT INTO S_BOLT (RID, ARMORTYPEID, DAMAGE, FUMBLE, DESCRIPTION) VALUES (71,4,5,0,'5A');
INSERT INTO S_BOLT (RID, ARMORTYPEID, DAMAGE, FUMBLE, DESCRIPTION) VALUES (71,5,7,0,'7A');
INSERT INTO S_BOLT (RID, ARMORTYPEID, DAMAGE, FUMBLE, DESCRIPTION) VALUES (76,1,12,0,'12B');
INSERT INTO S_BOLT (RID, ARMORTYPEID, DAMAGE, FUMBLE, DESCRIPTION) VALUES (76,2,6,0,'6B');
INSERT INTO S_BOLT (RID, ARMORTYPEID, DAMAGE, FUMBLE, DESCRIPTION) VALUES (76,3,7,0,'7A');
INSERT INTO S_BOLT (RID, ARMORTYPEID, DAMAGE, FUMBLE, DESCRIPTION) VALUES (76,4,6,0,'6A');
INSERT INTO S_BOLT (RID, ARMORTYPEID, DAMAGE, FUMBLE, DESCRIPTION) VALUES (76,5,8,0,'8A');
INSERT INTO S_BOLT (RID, ARMORTYPEID, DAMAGE, FUMBLE, DESCRIPTION) VALUES (81,1,13,0,'13B');
INSERT INTO S_BOLT (RID, ARMORTYPEID, DAMAGE, FUMBLE, DESCRIPTION) VALUES (81,2,7,0,'7B');
INSERT INTO S_BOLT (RID, ARMORTYPEID, DAMAGE, FUMBLE, DESCRIPTION) VALUES (81,3,8,0,'8A');
INSERT INTO S_BOLT (RID, ARMORTYPEID, DAMAGE, FUMBLE, DESCRIPTION) VALUES (81,4,7,0,'7A');
INSERT INTO S_BOLT (RID, ARMORTYPEID, DAMAGE, FUMBLE, DESCRIPTION) VALUES (81,5,8,0,'8A');
INSERT INTO S_BOLT (RID, ARMORTYPEID, DAMAGE, FUMBLE, DESCRIPTION) VALUES (86,1,14,0,'14B');
INSERT INTO S_BOLT (RID, ARMORTYPEID, DAMAGE, FUMBLE, DESCRIPTION) VALUES (86,2,8,0,'8B');
INSERT INTO S_BOLT (RID, ARMORTYPEID, DAMAGE, FUMBLE, DESCRIPTION) VALUES (86,3,9,0,'9B');
INSERT INTO S_BOLT (RID, ARMORTYPEID, DAMAGE, FUMBLE, DESCRIPTION) VALUES (86,4,8,0,'8A');
INSERT INTO S_BOLT (RID, ARMORTYPEID, DAMAGE, FUMBLE, DESCRIPTION) VALUES (86,5,9,0,'9A');
INSERT INTO S_BOLT (RID, ARMORTYPEID, DAMAGE, FUMBLE, DESCRIPTION) VALUES (91,1,15,0,'15C');
INSERT INTO S_BOLT (RID, ARMORTYPEID, DAMAGE, FUMBLE, DESCRIPTION) VALUES (91,2,10,0,'10B');
INSERT INTO S_BOLT (RID, ARMORTYPEID, DAMAGE, FUMBLE, DESCRIPTION) VALUES (91,3,10,0,'10B');
INSERT INTO S_BOLT (RID, ARMORTYPEID, DAMAGE, FUMBLE, DESCRIPTION) VALUES (91,4,9,0,'9B');
INSERT INTO S_BOLT (RID, ARMORTYPEID, DAMAGE, FUMBLE, DESCRIPTION) VALUES (91,5,9,0,'9A');
INSERT INTO S_BOLT (RID, ARMORTYPEID, DAMAGE, FUMBLE, DESCRIPTION) VALUES (96,1,16,0,'16C');
INSERT INTO S_BOLT (RID, ARMORTYPEID, DAMAGE, FUMBLE, DESCRIPTION) VALUES (96,2,12,0,'12C');
INSERT INTO S_BOLT (RID, ARMORTYPEID, DAMAGE, FUMBLE, DESCRIPTION) VALUES (96,3,11,0,'11B');
INSERT INTO S_BOLT (RID, ARMORTYPEID, DAMAGE, FUMBLE, DESCRIPTION) VALUES (96,4,10,0,'10B');
INSERT INTO S_BOLT (RID, ARMORTYPEID, DAMAGE, FUMBLE, DESCRIPTION) VALUES (96,5,10,0,'10A');
INSERT INTO S_GRAPPLE (RID, ARMORTYPEID, DAMAGE, FUMBLE, DESCRIPTION) VALUES (0,1,0,1,'F');
INSERT INTO S_GRAPPLE (RID, ARMORTYPEID, DAMAGE, FUMBLE, DESCRIPTION) VALUES (0,2,0,1,'F');
INSERT INTO S_GRAPPLE (RID, ARMORTYPEID, DAMAGE, FUMBLE, DESCRIPTION) VALUES (0,3,0,1,'F');
INSERT INTO S_GRAPPLE (RID, ARMORTYPEID, DAMAGE, FUMBLE, DESCRIPTION) VALUES (0,4,0,1,'F');
INSERT INTO S_GRAPPLE (RID, ARMORTYPEID, DAMAGE, FUMBLE, DESCRIPTION) VALUES (0,5,0,1,'F');
INSERT INTO S_GRAPPLE (RID, ARMORTYPEID, DAMAGE, FUMBLE, DESCRIPTION) VALUES (1,1,0,1,'F');
INSERT INTO S_GRAPPLE (RID, ARMORTYPEID, DAMAGE, FUMBLE, DESCRIPTION) VALUES (1,2,0,1,'F');
INSERT INTO S_GRAPPLE (RID, ARMORTYPEID, DAMAGE, FUMBLE, DESCRIPTION) VALUES (1,3,0,1,'F');
INSERT INTO S_GRAPPLE (RID, ARMORTYPEID, DAMAGE, FUMBLE, DESCRIPTION) VALUES (1,4,0,1,'F');
INSERT INTO S_GRAPPLE (RID, ARMORTYPEID, DAMAGE, FUMBLE, DESCRIPTION) VALUES (1,5,0,1,'F');
INSERT INTO S_GRAPPLE (RID, ARMORTYPEID, DAMAGE, FUMBLE, DESCRIPTION) VALUES (101,1,13,0,'13B');
INSERT INTO S_GRAPPLE (RID, ARMORTYPEID, DAMAGE, FUMBLE, DESCRIPTION) VALUES (101,2,10,0,'10A');
INSERT INTO S_GRAPPLE (RID, ARMORTYPEID, DAMAGE, FUMBLE, DESCRIPTION) VALUES (101,3,8,0,'8A');
INSERT INTO S_GRAPPLE (RID, ARMORTYPEID, DAMAGE, FUMBLE, DESCRIPTION) VALUES (101,4,7,0,'7A');
INSERT INTO S_GRAPPLE (RID, ARMORTYPEID, DAMAGE, FUMBLE, DESCRIPTION) VALUES (101,5,5,0,'5B');
INSERT INTO S_GRAPPLE (RID, ARMORTYPEID, DAMAGE, FUMBLE, DESCRIPTION) VALUES (106,1,14,0,'14B');
INSERT INTO S_GRAPPLE (RID, ARMORTYPEID, DAMAGE, FUMBLE, DESCRIPTION) VALUES (106,2,12,0,'12B');
INSERT INTO S_GRAPPLE (RID, ARMORTYPEID, DAMAGE, FUMBLE, DESCRIPTION) VALUES (106,3,10,0,'10A');
INSERT INTO S_GRAPPLE (RID, ARMORTYPEID, DAMAGE, FUMBLE, DESCRIPTION) VALUES (106,4,8,0,'8B');
INSERT INTO S_GRAPPLE (RID, ARMORTYPEID, DAMAGE, FUMBLE, DESCRIPTION) VALUES (106,5,6,0,'6C');
INSERT INTO S_GRAPPLE (RID, ARMORTYPEID, DAMAGE, FUMBLE, DESCRIPTION) VALUES (111,1,15,0,'15B');
INSERT INTO S_GRAPPLE (RID, ARMORTYPEID, DAMAGE, FUMBLE, DESCRIPTION) VALUES (111,2,13,0,'13B');
INSERT INTO S_GRAPPLE (RID, ARMORTYPEID, DAMAGE, FUMBLE, DESCRIPTION) VALUES (111,3,11,0,'11B');
INSERT INTO S_GRAPPLE (RID, ARMORTYPEID, DAMAGE, FUMBLE, DESCRIPTION) VALUES (111,4,9,0,'9C');
INSERT INTO S_GRAPPLE (RID, ARMORTYPEID, DAMAGE, FUMBLE, DESCRIPTION) VALUES (111,5,7,0,'7C');
INSERT INTO S_GRAPPLE (RID, ARMORTYPEID, DAMAGE, FUMBLE, DESCRIPTION) VALUES (116,1,17,0,'17C');
INSERT INTO S_GRAPPLE (RID, ARMORTYPEID, DAMAGE, FUMBLE, DESCRIPTION) VALUES (116,2,14,0,'14C');
INSERT INTO S_GRAPPLE (RID, ARMORTYPEID, DAMAGE, FUMBLE, DESCRIPTION) VALUES (116,3,12,0,'12B');
INSERT INTO S_GRAPPLE (RID, ARMORTYPEID, DAMAGE, FUMBLE, DESCRIPTION) VALUES (116,4,10,0,'10C');
INSERT INTO S_GRAPPLE (RID, ARMORTYPEID, DAMAGE, FUMBLE, DESCRIPTION) VALUES (116,5,8,0,'8C');
INSERT INTO S_GRAPPLE (RID, ARMORTYPEID, DAMAGE, FUMBLE, DESCRIPTION) VALUES (121,1,19,0,'19C');
INSERT INTO S_GRAPPLE (RID, ARMORTYPEID, DAMAGE, FUMBLE, DESCRIPTION) VALUES (121,2,16,0,'16C');
INSERT INTO S_GRAPPLE (RID, ARMORTYPEID, DAMAGE, FUMBLE, DESCRIPTION) VALUES (121,3,14,0,'14B');
INSERT INTO S_GRAPPLE (RID, ARMORTYPEID, DAMAGE, FUMBLE, DESCRIPTION) VALUES (121,4,11,0,'11C');
INSERT INTO S_GRAPPLE (RID, ARMORTYPEID, DAMAGE, FUMBLE, DESCRIPTION) VALUES (121,5,10,0,'10D');
INSERT INTO S_GRAPPLE (RID, ARMORTYPEID, DAMAGE, FUMBLE, DESCRIPTION) VALUES (126,1,20,0,'20D');
INSERT INTO S_GRAPPLE (RID, ARMORTYPEID, DAMAGE, FUMBLE, DESCRIPTION) VALUES (126,2,18,0,'18C');
INSERT INTO S_GRAPPLE (RID, ARMORTYPEID, DAMAGE, FUMBLE, DESCRIPTION) VALUES (126,3,16,0,'16C');
INSERT INTO S_GRAPPLE (RID, ARMORTYPEID, DAMAGE, FUMBLE, DESCRIPTION) VALUES (126,4,13,0,'13D');
INSERT INTO S_GRAPPLE (RID, ARMORTYPEID, DAMAGE, FUMBLE, DESCRIPTION) VALUES (126,5,11,0,'11D');
INSERT INTO S_GRAPPLE (RID, ARMORTYPEID, DAMAGE, FUMBLE, DESCRIPTION) VALUES (131,1,26,0,'26D');
INSERT INTO S_GRAPPLE (RID, ARMORTYPEID, DAMAGE, FUMBLE, DESCRIPTION) VALUES (131,2,20,0,'20D');
INSERT INTO S_GRAPPLE (RID, ARMORTYPEID, DAMAGE, FUMBLE, DESCRIPTION) VALUES (131,3,18,0,'18C');
INSERT INTO S_GRAPPLE (RID, ARMORTYPEID, DAMAGE, FUMBLE, DESCRIPTION) VALUES (131,4,15,0,'15D');
INSERT INTO S_GRAPPLE (RID, ARMORTYPEID, DAMAGE, FUMBLE, DESCRIPTION) VALUES (131,5,12,0,'12D');
INSERT INTO S_GRAPPLE (RID, ARMORTYPEID, DAMAGE, FUMBLE, DESCRIPTION) VALUES (136,1,28,0,'28E');
INSERT INTO S_GRAPPLE (RID, ARMORTYPEID, DAMAGE, FUMBLE, DESCRIPTION) VALUES (136,2,26,0,'26D');
INSERT INTO S_GRAPPLE (RID, ARMORTYPEID, DAMAGE, FUMBLE, DESCRIPTION) VALUES (136,3,22,0,'22C');
INSERT INTO S_GRAPPLE (RID, ARMORTYPEID, DAMAGE, FUMBLE, DESCRIPTION) VALUES (136,4,19,0,'19D');
INSERT INTO S_GRAPPLE (RID, ARMORTYPEID, DAMAGE, FUMBLE, DESCRIPTION) VALUES (136,5,14,0,'14E');
INSERT INTO S_GRAPPLE (RID, ARMORTYPEID, DAMAGE, FUMBLE, DESCRIPTION) VALUES (141,1,30,0,'30E');
INSERT INTO S_GRAPPLE (RID, ARMORTYPEID, DAMAGE, FUMBLE, DESCRIPTION) VALUES (141,2,28,0,'28D');
INSERT INTO S_GRAPPLE (RID, ARMORTYPEID, DAMAGE, FUMBLE, DESCRIPTION) VALUES (141,3,25,0,'25D');
INSERT INTO S_GRAPPLE (RID, ARMORTYPEID, DAMAGE, FUMBLE, DESCRIPTION) VALUES (141,4,21,0,'21E');
INSERT INTO S_GRAPPLE (RID, ARMORTYPEID, DAMAGE, FUMBLE, DESCRIPTION) VALUES (141,5,16,0,'16E');
INSERT INTO S_GRAPPLE (RID, ARMORTYPEID, DAMAGE, FUMBLE, DESCRIPTION) VALUES (146,1,36,0,'36E');
INSERT INTO S_GRAPPLE (RID, ARMORTYPEID, DAMAGE, FUMBLE, DESCRIPTION) VALUES (146,2,30,0,'30E');
INSERT INTO S_GRAPPLE (RID, ARMORTYPEID, DAMAGE, FUMBLE, DESCRIPTION) VALUES (146,3,27,0,'27E');
INSERT INTO S_GRAPPLE (RID, ARMORTYPEID, DAMAGE, FUMBLE, DESCRIPTION) VALUES (146,4,23,0,'23E');
INSERT INTO S_GRAPPLE (RID, ARMORTYPEID, DAMAGE, FUMBLE, DESCRIPTION) VALUES (146,5,18,0,'18E');
INSERT INTO S_GRAPPLE (RID, ARMORTYPEID, DAMAGE, FUMBLE, DESCRIPTION) VALUES (3,1,0,0,'0');
INSERT INTO S_GRAPPLE (RID, ARMORTYPEID, DAMAGE, FUMBLE, DESCRIPTION) VALUES (3,2,0,0,'0');
INSERT INTO S_GRAPPLE (RID, ARMORTYPEID, DAMAGE, FUMBLE, DESCRIPTION) VALUES (3,3,0,0,'0');
INSERT INTO S_GRAPPLE (RID, ARMORTYPEID, DAMAGE, FUMBLE, DESCRIPTION) VALUES (3,4,0,0,'0');
INSERT INTO S_GRAPPLE (RID, ARMORTYPEID, DAMAGE, FUMBLE, DESCRIPTION) VALUES (3,5,0,0,'0');
INSERT INTO S_GRAPPLE (RID, ARMORTYPEID, DAMAGE, FUMBLE, DESCRIPTION) VALUES (56,1,1,0,'1');
INSERT INTO S_GRAPPLE (RID, ARMORTYPEID, DAMAGE, FUMBLE, DESCRIPTION) VALUES (56,2,0,0,'0');
INSERT INTO S_GRAPPLE (RID, ARMORTYPEID, DAMAGE, FUMBLE, DESCRIPTION) VALUES (56,3,0,0,'0');
INSERT INTO S_GRAPPLE (RID, ARMORTYPEID, DAMAGE, FUMBLE, DESCRIPTION) VALUES (56,4,0,0,'0');
INSERT INTO S_GRAPPLE (RID, ARMORTYPEID, DAMAGE, FUMBLE, DESCRIPTION) VALUES (56,5,1,0,'1');
INSERT INTO S_GRAPPLE (RID, ARMORTYPEID, DAMAGE, FUMBLE, DESCRIPTION) VALUES (61,1,2,0,'2');
INSERT INTO S_GRAPPLE (RID, ARMORTYPEID, DAMAGE, FUMBLE, DESCRIPTION) VALUES (61,2,0,0,'0');
INSERT INTO S_GRAPPLE (RID, ARMORTYPEID, DAMAGE, FUMBLE, DESCRIPTION) VALUES (61,3,0,0,'0');
INSERT INTO S_GRAPPLE (RID, ARMORTYPEID, DAMAGE, FUMBLE, DESCRIPTION) VALUES (61,4,0,0,'0');
INSERT INTO S_GRAPPLE (RID, ARMORTYPEID, DAMAGE, FUMBLE, DESCRIPTION) VALUES (61,5,1,0,'1');
INSERT INTO S_GRAPPLE (RID, ARMORTYPEID, DAMAGE, FUMBLE, DESCRIPTION) VALUES (66,1,4,0,'4');
INSERT INTO S_GRAPPLE (RID, ARMORTYPEID, DAMAGE, FUMBLE, DESCRIPTION) VALUES (66,2,1,0,'1');
INSERT INTO S_GRAPPLE (RID, ARMORTYPEID, DAMAGE, FUMBLE, DESCRIPTION) VALUES (66,3,0,0,'0');
INSERT INTO S_GRAPPLE (RID, ARMORTYPEID, DAMAGE, FUMBLE, DESCRIPTION) VALUES (66,4,1,0,'1');
INSERT INTO S_GRAPPLE (RID, ARMORTYPEID, DAMAGE, FUMBLE, DESCRIPTION) VALUES (66,5,2,0,'2T');
INSERT INTO S_GRAPPLE (RID, ARMORTYPEID, DAMAGE, FUMBLE, DESCRIPTION) VALUES (71,1,5,0,'5T');
INSERT INTO S_GRAPPLE (RID, ARMORTYPEID, DAMAGE, FUMBLE, DESCRIPTION) VALUES (71,2,3,0,'3');
INSERT INTO S_GRAPPLE (RID, ARMORTYPEID, DAMAGE, FUMBLE, DESCRIPTION) VALUES (71,3,1,0,'1');
INSERT INTO S_GRAPPLE (RID, ARMORTYPEID, DAMAGE, FUMBLE, DESCRIPTION) VALUES (71,4,2,0,'2T');
INSERT INTO S_GRAPPLE (RID, ARMORTYPEID, DAMAGE, FUMBLE, DESCRIPTION) VALUES (71,5,2,0,'2A');
INSERT INTO S_GRAPPLE (RID, ARMORTYPEID, DAMAGE, FUMBLE, DESCRIPTION) VALUES (76,1,6,0,'6T');
INSERT INTO S_GRAPPLE (RID, ARMORTYPEID, DAMAGE, FUMBLE, DESCRIPTION) VALUES (76,2,4,0,'4T');
INSERT INTO S_GRAPPLE (RID, ARMORTYPEID, DAMAGE, FUMBLE, DESCRIPTION) VALUES (76,3,2,0,'2');
INSERT INTO S_GRAPPLE (RID, ARMORTYPEID, DAMAGE, FUMBLE, DESCRIPTION) VALUES (76,4,3,0,'3T');
INSERT INTO S_GRAPPLE (RID, ARMORTYPEID, DAMAGE, FUMBLE, DESCRIPTION) VALUES (76,5,3,0,'3A');
INSERT INTO S_GRAPPLE (RID, ARMORTYPEID, DAMAGE, FUMBLE, DESCRIPTION) VALUES (81,1,8,0,'8T');
INSERT INTO S_GRAPPLE (RID, ARMORTYPEID, DAMAGE, FUMBLE, DESCRIPTION) VALUES (81,2,6,0,'6T');
INSERT INTO S_GRAPPLE (RID, ARMORTYPEID, DAMAGE, FUMBLE, DESCRIPTION) VALUES (81,3,4,0,'4T');
INSERT INTO S_GRAPPLE (RID, ARMORTYPEID, DAMAGE, FUMBLE, DESCRIPTION) VALUES (81,4,4,0,'4A');
INSERT INTO S_GRAPPLE (RID, ARMORTYPEID, DAMAGE, FUMBLE, DESCRIPTION) VALUES (81,5,3,0,'3A');
INSERT INTO S_GRAPPLE (RID, ARMORTYPEID, DAMAGE, FUMBLE, DESCRIPTION) VALUES (86,1,9,0,'9A');
INSERT INTO S_GRAPPLE (RID, ARMORTYPEID, DAMAGE, FUMBLE, DESCRIPTION) VALUES (86,2,7,0,'7T');
INSERT INTO S_GRAPPLE (RID, ARMORTYPEID, DAMAGE, FUMBLE, DESCRIPTION) VALUES (86,3,5,0,'5T');
INSERT INTO S_GRAPPLE (RID, ARMORTYPEID, DAMAGE, FUMBLE, DESCRIPTION) VALUES (86,4,4,0,'4A');
INSERT INTO S_GRAPPLE (RID, ARMORTYPEID, DAMAGE, FUMBLE, DESCRIPTION) VALUES (86,5,4,0,'4A');
INSERT INTO S_GRAPPLE (RID, ARMORTYPEID, DAMAGE, FUMBLE, DESCRIPTION) VALUES (91,1,10,0,'10A');
INSERT INTO S_GRAPPLE (RID, ARMORTYPEID, DAMAGE, FUMBLE, DESCRIPTION) VALUES (91,2,8,0,'8A');
INSERT INTO S_GRAPPLE (RID, ARMORTYPEID, DAMAGE, FUMBLE, DESCRIPTION) VALUES (91,3,6,0,'6T');
INSERT INTO S_GRAPPLE (RID, ARMORTYPEID, DAMAGE, FUMBLE, DESCRIPTION) VALUES (91,4,5,0,'5A');
INSERT INTO S_GRAPPLE (RID, ARMORTYPEID, DAMAGE, FUMBLE, DESCRIPTION) VALUES (91,5,4,0,'4A');
INSERT INTO S_GRAPPLE (RID, ARMORTYPEID, DAMAGE, FUMBLE, DESCRIPTION) VALUES (96,1,12,0,'12A');
INSERT INTO S_GRAPPLE (RID, ARMORTYPEID, DAMAGE, FUMBLE, DESCRIPTION) VALUES (96,2,9,0,'9A');
INSERT INTO S_GRAPPLE (RID, ARMORTYPEID, DAMAGE, FUMBLE, DESCRIPTION) VALUES (96,3,7,0,'7A');
INSERT INTO S_GRAPPLE (RID, ARMORTYPEID, DAMAGE, FUMBLE, DESCRIPTION) VALUES (96,4,6,0,'6A');
INSERT INTO S_GRAPPLE (RID, ARMORTYPEID, DAMAGE, FUMBLE, DESCRIPTION) VALUES (96,5,5,0,'5B');
INSERT INTO S_MISSLE (RID, ARMORTYPEID, DAMAGE, FUMBLE, DESCRIPTION) VALUES (0,1,0,1,'F');
INSERT INTO S_MISSLE (RID, ARMORTYPEID, DAMAGE, FUMBLE, DESCRIPTION) VALUES (0,2,0,1,'F');
INSERT INTO S_MISSLE (RID, ARMORTYPEID, DAMAGE, FUMBLE, DESCRIPTION) VALUES (0,3,0,1,'F');
INSERT INTO S_MISSLE (RID, ARMORTYPEID, DAMAGE, FUMBLE, DESCRIPTION) VALUES (0,4,0,1,'F');
INSERT INTO S_MISSLE (RID, ARMORTYPEID, DAMAGE, FUMBLE, DESCRIPTION) VALUES (0,5,0,1,'F');
INSERT INTO S_MISSLE (RID, ARMORTYPEID, DAMAGE, FUMBLE, DESCRIPTION) VALUES (1,1,0,1,'F');
INSERT INTO S_MISSLE (RID, ARMORTYPEID, DAMAGE, FUMBLE, DESCRIPTION) VALUES (1,2,0,1,'F');
INSERT INTO S_MISSLE (RID, ARMORTYPEID, DAMAGE, FUMBLE, DESCRIPTION) VALUES (1,3,0,1,'F');
INSERT INTO S_MISSLE (RID, ARMORTYPEID, DAMAGE, FUMBLE, DESCRIPTION) VALUES (1,4,0,1,'F');
INSERT INTO S_MISSLE (RID, ARMORTYPEID, DAMAGE, FUMBLE, DESCRIPTION) VALUES (1,5,0,1,'F');
INSERT INTO S_MISSLE (RID, ARMORTYPEID, DAMAGE, FUMBLE, DESCRIPTION) VALUES (101,1,11,0,'11C');
INSERT INTO S_MISSLE (RID, ARMORTYPEID, DAMAGE, FUMBLE, DESCRIPTION) VALUES (101,2,13,0,'13B');
INSERT INTO S_MISSLE (RID, ARMORTYPEID, DAMAGE, FUMBLE, DESCRIPTION) VALUES (101,3,10,0,'10B');
INSERT INTO S_MISSLE (RID, ARMORTYPEID, DAMAGE, FUMBLE, DESCRIPTION) VALUES (101,4,10,0,'10A');
INSERT INTO S_MISSLE (RID, ARMORTYPEID, DAMAGE, FUMBLE, DESCRIPTION) VALUES (101,5,7,0,'7');
INSERT INTO S_MISSLE (RID, ARMORTYPEID, DAMAGE, FUMBLE, DESCRIPTION) VALUES (106,1,13,0,'13C');
INSERT INTO S_MISSLE (RID, ARMORTYPEID, DAMAGE, FUMBLE, DESCRIPTION) VALUES (106,2,14,0,'14B');
INSERT INTO S_MISSLE (RID, ARMORTYPEID, DAMAGE, FUMBLE, DESCRIPTION) VALUES (106,3,12,0,'12B');
INSERT INTO S_MISSLE (RID, ARMORTYPEID, DAMAGE, FUMBLE, DESCRIPTION) VALUES (106,4,13,0,'13B');
INSERT INTO S_MISSLE (RID, ARMORTYPEID, DAMAGE, FUMBLE, DESCRIPTION) VALUES (106,5,8,0,'8A');
INSERT INTO S_MISSLE (RID, ARMORTYPEID, DAMAGE, FUMBLE, DESCRIPTION) VALUES (111,1,15,0,'15C');
INSERT INTO S_MISSLE (RID, ARMORTYPEID, DAMAGE, FUMBLE, DESCRIPTION) VALUES (111,2,16,0,'16C');
INSERT INTO S_MISSLE (RID, ARMORTYPEID, DAMAGE, FUMBLE, DESCRIPTION) VALUES (111,3,13,0,'13B');
INSERT INTO S_MISSLE (RID, ARMORTYPEID, DAMAGE, FUMBLE, DESCRIPTION) VALUES (111,4,14,0,'14B');
INSERT INTO S_MISSLE (RID, ARMORTYPEID, DAMAGE, FUMBLE, DESCRIPTION) VALUES (111,5,9,0,'9A');
INSERT INTO S_MISSLE (RID, ARMORTYPEID, DAMAGE, FUMBLE, DESCRIPTION) VALUES (116,1,16,0,'16D');
INSERT INTO S_MISSLE (RID, ARMORTYPEID, DAMAGE, FUMBLE, DESCRIPTION) VALUES (116,2,17,0,'17C');
INSERT INTO S_MISSLE (RID, ARMORTYPEID, DAMAGE, FUMBLE, DESCRIPTION) VALUES (116,3,15,0,'15C');
INSERT INTO S_MISSLE (RID, ARMORTYPEID, DAMAGE, FUMBLE, DESCRIPTION) VALUES (116,4,16,0,'16B');
INSERT INTO S_MISSLE (RID, ARMORTYPEID, DAMAGE, FUMBLE, DESCRIPTION) VALUES (116,5,10,0,'10A');
INSERT INTO S_MISSLE (RID, ARMORTYPEID, DAMAGE, FUMBLE, DESCRIPTION) VALUES (121,1,18,0,'18D');
INSERT INTO S_MISSLE (RID, ARMORTYPEID, DAMAGE, FUMBLE, DESCRIPTION) VALUES (121,2,19,0,'19D');
INSERT INTO S_MISSLE (RID, ARMORTYPEID, DAMAGE, FUMBLE, DESCRIPTION) VALUES (121,3,17,0,'17C');
INSERT INTO S_MISSLE (RID, ARMORTYPEID, DAMAGE, FUMBLE, DESCRIPTION) VALUES (121,4,17,0,'17C');
INSERT INTO S_MISSLE (RID, ARMORTYPEID, DAMAGE, FUMBLE, DESCRIPTION) VALUES (121,5,11,0,'11B');
INSERT INTO S_MISSLE (RID, ARMORTYPEID, DAMAGE, FUMBLE, DESCRIPTION) VALUES (126,1,20,0,'20D');
INSERT INTO S_MISSLE (RID, ARMORTYPEID, DAMAGE, FUMBLE, DESCRIPTION) VALUES (126,2,20,0,'20D');
INSERT INTO S_MISSLE (RID, ARMORTYPEID, DAMAGE, FUMBLE, DESCRIPTION) VALUES (126,3,19,0,'19D');
INSERT INTO S_MISSLE (RID, ARMORTYPEID, DAMAGE, FUMBLE, DESCRIPTION) VALUES (126,4,19,0,'19C');
INSERT INTO S_MISSLE (RID, ARMORTYPEID, DAMAGE, FUMBLE, DESCRIPTION) VALUES (126,5,11,0,'11B');
INSERT INTO S_MISSLE (RID, ARMORTYPEID, DAMAGE, FUMBLE, DESCRIPTION) VALUES (131,1,22,0,'22E');
INSERT INTO S_MISSLE (RID, ARMORTYPEID, DAMAGE, FUMBLE, DESCRIPTION) VALUES (131,2,22,0,'22D');
INSERT INTO S_MISSLE (RID, ARMORTYPEID, DAMAGE, FUMBLE, DESCRIPTION) VALUES (131,3,21,0,'21D');
INSERT INTO S_MISSLE (RID, ARMORTYPEID, DAMAGE, FUMBLE, DESCRIPTION) VALUES (131,4,20,0,'20D');
INSERT INTO S_MISSLE (RID, ARMORTYPEID, DAMAGE, FUMBLE, DESCRIPTION) VALUES (131,5,12,0,'12C');
INSERT INTO S_MISSLE (RID, ARMORTYPEID, DAMAGE, FUMBLE, DESCRIPTION) VALUES (136,1,23,0,'23E');
INSERT INTO S_MISSLE (RID, ARMORTYPEID, DAMAGE, FUMBLE, DESCRIPTION) VALUES (136,2,23,0,'23E');
INSERT INTO S_MISSLE (RID, ARMORTYPEID, DAMAGE, FUMBLE, DESCRIPTION) VALUES (136,3,23,0,'23D');
INSERT INTO S_MISSLE (RID, ARMORTYPEID, DAMAGE, FUMBLE, DESCRIPTION) VALUES (136,4,22,0,'22D');
INSERT INTO S_MISSLE (RID, ARMORTYPEID, DAMAGE, FUMBLE, DESCRIPTION) VALUES (136,5,13,0,'13C');
INSERT INTO S_MISSLE (RID, ARMORTYPEID, DAMAGE, FUMBLE, DESCRIPTION) VALUES (141,1,25,0,'25E');
INSERT INTO S_MISSLE (RID, ARMORTYPEID, DAMAGE, FUMBLE, DESCRIPTION) VALUES (141,2,25,0,'25E');
INSERT INTO S_MISSLE (RID, ARMORTYPEID, DAMAGE, FUMBLE, DESCRIPTION) VALUES (141,3,25,0,'25E');
INSERT INTO S_MISSLE (RID, ARMORTYPEID, DAMAGE, FUMBLE, DESCRIPTION) VALUES (141,4,23,0,'23E');
INSERT INTO S_MISSLE (RID, ARMORTYPEID, DAMAGE, FUMBLE, DESCRIPTION) VALUES (141,5,14,0,'14D');
INSERT INTO S_MISSLE (RID, ARMORTYPEID, DAMAGE, FUMBLE, DESCRIPTION) VALUES (146,1,27,0,'27E');
INSERT INTO S_MISSLE (RID, ARMORTYPEID, DAMAGE, FUMBLE, DESCRIPTION) VALUES (146,2,26,0,'26E');
INSERT INTO S_MISSLE (RID, ARMORTYPEID, DAMAGE, FUMBLE, DESCRIPTION) VALUES (146,3,26,0,'26E');
INSERT INTO S_MISSLE (RID, ARMORTYPEID, DAMAGE, FUMBLE, DESCRIPTION) VALUES (146,4,25,0,'25E');
INSERT INTO S_MISSLE (RID, ARMORTYPEID, DAMAGE, FUMBLE, DESCRIPTION) VALUES (146,5,15,0,'15E');
INSERT INTO S_MISSLE (RID, ARMORTYPEID, DAMAGE, FUMBLE, DESCRIPTION) VALUES (71,1,0,0,'0');
INSERT INTO S_MISSLE (RID, ARMORTYPEID, DAMAGE, FUMBLE, DESCRIPTION) VALUES (71,2,0,0,'0');
INSERT INTO S_MISSLE (RID, ARMORTYPEID, DAMAGE, FUMBLE, DESCRIPTION) VALUES (71,3,0,0,'0');
INSERT INTO S_MISSLE (RID, ARMORTYPEID, DAMAGE, FUMBLE, DESCRIPTION) VALUES (71,4,0,0,'0');
INSERT INTO S_MISSLE (RID, ARMORTYPEID, DAMAGE, FUMBLE, DESCRIPTION) VALUES (71,5,1,0,'1');
INSERT INTO S_MISSLE (RID, ARMORTYPEID, DAMAGE, FUMBLE, DESCRIPTION) VALUES (76,1,0,0,'0');
INSERT INTO S_MISSLE (RID, ARMORTYPEID, DAMAGE, FUMBLE, DESCRIPTION) VALUES (76,2,4,0,'4');
INSERT INTO S_MISSLE (RID, ARMORTYPEID, DAMAGE, FUMBLE, DESCRIPTION) VALUES (76,3,0,0,'0');
INSERT INTO S_MISSLE (RID, ARMORTYPEID, DAMAGE, FUMBLE, DESCRIPTION) VALUES (76,4,2,0,'2');
INSERT INTO S_MISSLE (RID, ARMORTYPEID, DAMAGE, FUMBLE, DESCRIPTION) VALUES (76,5,2,0,'2');
INSERT INTO S_MISSLE (RID, ARMORTYPEID, DAMAGE, FUMBLE, DESCRIPTION) VALUES (81,1,0,0,'0');
INSERT INTO S_MISSLE (RID, ARMORTYPEID, DAMAGE, FUMBLE, DESCRIPTION) VALUES (81,2,6,0,'6');
INSERT INTO S_MISSLE (RID, ARMORTYPEID, DAMAGE, FUMBLE, DESCRIPTION) VALUES (81,3,3,0,'3');
INSERT INTO S_MISSLE (RID, ARMORTYPEID, DAMAGE, FUMBLE, DESCRIPTION) VALUES (81,4,4,0,'4');
INSERT INTO S_MISSLE (RID, ARMORTYPEID, DAMAGE, FUMBLE, DESCRIPTION) VALUES (81,5,3,0,'3');
INSERT INTO S_MISSLE (RID, ARMORTYPEID, DAMAGE, FUMBLE, DESCRIPTION) VALUES (86,1,0,0,'0');
INSERT INTO S_MISSLE (RID, ARMORTYPEID, DAMAGE, FUMBLE, DESCRIPTION) VALUES (86,2,8,0,'8A');
INSERT INTO S_MISSLE (RID, ARMORTYPEID, DAMAGE, FUMBLE, DESCRIPTION) VALUES (86,3,5,0,'5');
INSERT INTO S_MISSLE (RID, ARMORTYPEID, DAMAGE, FUMBLE, DESCRIPTION) VALUES (86,4,6,0,'6');
INSERT INTO S_MISSLE (RID, ARMORTYPEID, DAMAGE, FUMBLE, DESCRIPTION) VALUES (86,5,4,0,'4');
INSERT INTO S_MISSLE (RID, ARMORTYPEID, DAMAGE, FUMBLE, DESCRIPTION) VALUES (9,1,0,0,'0');
INSERT INTO S_MISSLE (RID, ARMORTYPEID, DAMAGE, FUMBLE, DESCRIPTION) VALUES (9,2,0,0,'0');
INSERT INTO S_MISSLE (RID, ARMORTYPEID, DAMAGE, FUMBLE, DESCRIPTION) VALUES (9,3,0,0,'0');
INSERT INTO S_MISSLE (RID, ARMORTYPEID, DAMAGE, FUMBLE, DESCRIPTION) VALUES (9,4,0,0,'0');
INSERT INTO S_MISSLE (RID, ARMORTYPEID, DAMAGE, FUMBLE, DESCRIPTION) VALUES (9,5,0,0,'0');
INSERT INTO S_MISSLE (RID, ARMORTYPEID, DAMAGE, FUMBLE, DESCRIPTION) VALUES (91,1,8,0,'8A');
INSERT INTO S_MISSLE (RID, ARMORTYPEID, DAMAGE, FUMBLE, DESCRIPTION) VALUES (91,2,10,0,'10A');
INSERT INTO S_MISSLE (RID, ARMORTYPEID, DAMAGE, FUMBLE, DESCRIPTION) VALUES (91,3,7,0,'7A');
INSERT INTO S_MISSLE (RID, ARMORTYPEID, DAMAGE, FUMBLE, DESCRIPTION) VALUES (91,4,7,0,'7');
INSERT INTO S_MISSLE (RID, ARMORTYPEID, DAMAGE, FUMBLE, DESCRIPTION) VALUES (91,5,5,0,'5');
INSERT INTO S_MISSLE (RID, ARMORTYPEID, DAMAGE, FUMBLE, DESCRIPTION) VALUES (96,1,10,0,'10B');
INSERT INTO S_MISSLE (RID, ARMORTYPEID, DAMAGE, FUMBLE, DESCRIPTION) VALUES (96,2,12,0,'12B');
INSERT INTO S_MISSLE (RID, ARMORTYPEID, DAMAGE, FUMBLE, DESCRIPTION) VALUES (96,3,9,0,'9A');
INSERT INTO S_MISSLE (RID, ARMORTYPEID, DAMAGE, FUMBLE, DESCRIPTION) VALUES (96,4,8,0,'8A');
INSERT INTO S_MISSLE (RID, ARMORTYPEID, DAMAGE, FUMBLE, DESCRIPTION) VALUES (96,5,6,0,'6');
INSERT INTO S_TOOTHCLAW (RID, ARMORTYPEID, DAMAGE, FUMBLE, DESCRIPTION) VALUES (0,1,0,1,'F');
INSERT INTO S_TOOTHCLAW (RID, ARMORTYPEID, DAMAGE, FUMBLE, DESCRIPTION) VALUES (0,2,0,1,'F');
INSERT INTO S_TOOTHCLAW (RID, ARMORTYPEID, DAMAGE, FUMBLE, DESCRIPTION) VALUES (0,3,0,1,'F');
INSERT INTO S_TOOTHCLAW (RID, ARMORTYPEID, DAMAGE, FUMBLE, DESCRIPTION) VALUES (0,4,0,1,'F');
INSERT INTO S_TOOTHCLAW (RID, ARMORTYPEID, DAMAGE, FUMBLE, DESCRIPTION) VALUES (0,5,0,1,'F');
INSERT INTO S_TOOTHCLAW (RID, ARMORTYPEID, DAMAGE, FUMBLE, DESCRIPTION) VALUES (1,1,0,1,'F');
INSERT INTO S_TOOTHCLAW (RID, ARMORTYPEID, DAMAGE, FUMBLE, DESCRIPTION) VALUES (1,2,0,1,'F');
INSERT INTO S_TOOTHCLAW (RID, ARMORTYPEID, DAMAGE, FUMBLE, DESCRIPTION) VALUES (1,3,0,1,'F');
INSERT INTO S_TOOTHCLAW (RID, ARMORTYPEID, DAMAGE, FUMBLE, DESCRIPTION) VALUES (1,4,0,1,'F');
INSERT INTO S_TOOTHCLAW (RID, ARMORTYPEID, DAMAGE, FUMBLE, DESCRIPTION) VALUES (1,5,0,1,'F');
INSERT INTO S_TOOTHCLAW (RID, ARMORTYPEID, DAMAGE, FUMBLE, DESCRIPTION) VALUES (101,1,15,0,'15B');
INSERT INTO S_TOOTHCLAW (RID, ARMORTYPEID, DAMAGE, FUMBLE, DESCRIPTION) VALUES (101,2,13,0,'13B');
INSERT INTO S_TOOTHCLAW (RID, ARMORTYPEID, DAMAGE, FUMBLE, DESCRIPTION) VALUES (101,3,11,0,'11A');
INSERT INTO S_TOOTHCLAW (RID, ARMORTYPEID, DAMAGE, FUMBLE, DESCRIPTION) VALUES (101,4,9,0,'9A');
INSERT INTO S_TOOTHCLAW (RID, ARMORTYPEID, DAMAGE, FUMBLE, DESCRIPTION) VALUES (101,5,7,0,'7A');
INSERT INTO S_TOOTHCLAW (RID, ARMORTYPEID, DAMAGE, FUMBLE, DESCRIPTION) VALUES (106,1,17,0,'17C');
INSERT INTO S_TOOTHCLAW (RID, ARMORTYPEID, DAMAGE, FUMBLE, DESCRIPTION) VALUES (106,2,15,0,'15B');
INSERT INTO S_TOOTHCLAW (RID, ARMORTYPEID, DAMAGE, FUMBLE, DESCRIPTION) VALUES (106,3,12,0,'12B');
INSERT INTO S_TOOTHCLAW (RID, ARMORTYPEID, DAMAGE, FUMBLE, DESCRIPTION) VALUES (106,4,10,0,'10A');
INSERT INTO S_TOOTHCLAW (RID, ARMORTYPEID, DAMAGE, FUMBLE, DESCRIPTION) VALUES (106,5,8,0,'8A');
INSERT INTO S_TOOTHCLAW (RID, ARMORTYPEID, DAMAGE, FUMBLE, DESCRIPTION) VALUES (111,1,19,0,'19C');
INSERT INTO S_TOOTHCLAW (RID, ARMORTYPEID, DAMAGE, FUMBLE, DESCRIPTION) VALUES (111,2,16,0,'16C');
INSERT INTO S_TOOTHCLAW (RID, ARMORTYPEID, DAMAGE, FUMBLE, DESCRIPTION) VALUES (111,3,13,0,'13B');
INSERT INTO S_TOOTHCLAW (RID, ARMORTYPEID, DAMAGE, FUMBLE, DESCRIPTION) VALUES (111,4,11,0,'11B');
INSERT INTO S_TOOTHCLAW (RID, ARMORTYPEID, DAMAGE, FUMBLE, DESCRIPTION) VALUES (111,5,9,0,'9A');
INSERT INTO S_TOOTHCLAW (RID, ARMORTYPEID, DAMAGE, FUMBLE, DESCRIPTION) VALUES (116,1,20,0,'20D');
INSERT INTO S_TOOTHCLAW (RID, ARMORTYPEID, DAMAGE, FUMBLE, DESCRIPTION) VALUES (116,2,17,0,'17C');
INSERT INTO S_TOOTHCLAW (RID, ARMORTYPEID, DAMAGE, FUMBLE, DESCRIPTION) VALUES (116,3,14,0,'14C');
INSERT INTO S_TOOTHCLAW (RID, ARMORTYPEID, DAMAGE, FUMBLE, DESCRIPTION) VALUES (116,4,11,0,'11B');
INSERT INTO S_TOOTHCLAW (RID, ARMORTYPEID, DAMAGE, FUMBLE, DESCRIPTION) VALUES (116,5,10,0,'10B');
INSERT INTO S_TOOTHCLAW (RID, ARMORTYPEID, DAMAGE, FUMBLE, DESCRIPTION) VALUES (121,1,26,0,'26D');
INSERT INTO S_TOOTHCLAW (RID, ARMORTYPEID, DAMAGE, FUMBLE, DESCRIPTION) VALUES (121,2,20,0,'20C');
INSERT INTO S_TOOTHCLAW (RID, ARMORTYPEID, DAMAGE, FUMBLE, DESCRIPTION) VALUES (121,3,18,0,'18C');
INSERT INTO S_TOOTHCLAW (RID, ARMORTYPEID, DAMAGE, FUMBLE, DESCRIPTION) VALUES (121,4,15,0,'15B');
INSERT INTO S_TOOTHCLAW (RID, ARMORTYPEID, DAMAGE, FUMBLE, DESCRIPTION) VALUES (121,5,14,0,'14B');
INSERT INTO S_TOOTHCLAW (RID, ARMORTYPEID, DAMAGE, FUMBLE, DESCRIPTION) VALUES (126,1,28,0,'28E');
INSERT INTO S_TOOTHCLAW (RID, ARMORTYPEID, DAMAGE, FUMBLE, DESCRIPTION) VALUES (126,2,23,0,'23D');
INSERT INTO S_TOOTHCLAW (RID, ARMORTYPEID, DAMAGE, FUMBLE, DESCRIPTION) VALUES (126,3,20,0,'20C');
INSERT INTO S_TOOTHCLAW (RID, ARMORTYPEID, DAMAGE, FUMBLE, DESCRIPTION) VALUES (126,4,18,0,'18C');
INSERT INTO S_TOOTHCLAW (RID, ARMORTYPEID, DAMAGE, FUMBLE, DESCRIPTION) VALUES (126,5,16,0,'16B');
INSERT INTO S_TOOTHCLAW (RID, ARMORTYPEID, DAMAGE, FUMBLE, DESCRIPTION) VALUES (131,1,30,0,'30E');
INSERT INTO S_TOOTHCLAW (RID, ARMORTYPEID, DAMAGE, FUMBLE, DESCRIPTION) VALUES (131,2,25,0,'25D');
INSERT INTO S_TOOTHCLAW (RID, ARMORTYPEID, DAMAGE, FUMBLE, DESCRIPTION) VALUES (131,3,22,0,'22D');
INSERT INTO S_TOOTHCLAW (RID, ARMORTYPEID, DAMAGE, FUMBLE, DESCRIPTION) VALUES (131,4,20,0,'20C');
INSERT INTO S_TOOTHCLAW (RID, ARMORTYPEID, DAMAGE, FUMBLE, DESCRIPTION) VALUES (131,5,18,0,'18C');
INSERT INTO S_TOOTHCLAW (RID, ARMORTYPEID, DAMAGE, FUMBLE, DESCRIPTION) VALUES (136,1,36,0,'36E');
INSERT INTO S_TOOTHCLAW (RID, ARMORTYPEID, DAMAGE, FUMBLE, DESCRIPTION) VALUES (136,2,30,0,'30E');
INSERT INTO S_TOOTHCLAW (RID, ARMORTYPEID, DAMAGE, FUMBLE, DESCRIPTION) VALUES (136,3,26,0,'26D');
INSERT INTO S_TOOTHCLAW (RID, ARMORTYPEID, DAMAGE, FUMBLE, DESCRIPTION) VALUES (136,4,23,0,'23D');
INSERT INTO S_TOOTHCLAW (RID, ARMORTYPEID, DAMAGE, FUMBLE, DESCRIPTION) VALUES (136,5,20,0,'20C');
INSERT INTO S_TOOTHCLAW (RID, ARMORTYPEID, DAMAGE, FUMBLE, DESCRIPTION) VALUES (141,1,38,0,'38E');
INSERT INTO S_TOOTHCLAW (RID, ARMORTYPEID, DAMAGE, FUMBLE, DESCRIPTION) VALUES (141,2,33,0,'33E');
INSERT INTO S_TOOTHCLAW (RID, ARMORTYPEID, DAMAGE, FUMBLE, DESCRIPTION) VALUES (141,3,29,0,'29E');
INSERT INTO S_TOOTHCLAW (RID, ARMORTYPEID, DAMAGE, FUMBLE, DESCRIPTION) VALUES (141,4,25,0,'25D');
INSERT INTO S_TOOTHCLAW (RID, ARMORTYPEID, DAMAGE, FUMBLE, DESCRIPTION) VALUES (141,5,22,0,'22D');
INSERT INTO S_TOOTHCLAW (RID, ARMORTYPEID, DAMAGE, FUMBLE, DESCRIPTION) VALUES (146,1,40,0,'40E');
INSERT INTO S_TOOTHCLAW (RID, ARMORTYPEID, DAMAGE, FUMBLE, DESCRIPTION) VALUES (146,2,36,0,'36E');
INSERT INTO S_TOOTHCLAW (RID, ARMORTYPEID, DAMAGE, FUMBLE, DESCRIPTION) VALUES (146,3,32,0,'32E');
INSERT INTO S_TOOTHCLAW (RID, ARMORTYPEID, DAMAGE, FUMBLE, DESCRIPTION) VALUES (146,4,27,0,'27E');
INSERT INTO S_TOOTHCLAW (RID, ARMORTYPEID, DAMAGE, FUMBLE, DESCRIPTION) VALUES (146,5,24,0,'24E');
INSERT INTO S_TOOTHCLAW (RID, ARMORTYPEID, DAMAGE, FUMBLE, DESCRIPTION) VALUES (3,1,0,0,'0');
INSERT INTO S_TOOTHCLAW (RID, ARMORTYPEID, DAMAGE, FUMBLE, DESCRIPTION) VALUES (3,2,0,0,'0');
INSERT INTO S_TOOTHCLAW (RID, ARMORTYPEID, DAMAGE, FUMBLE, DESCRIPTION) VALUES (3,3,0,0,'0');
INSERT INTO S_TOOTHCLAW (RID, ARMORTYPEID, DAMAGE, FUMBLE, DESCRIPTION) VALUES (3,4,0,0,'0');
INSERT INTO S_TOOTHCLAW (RID, ARMORTYPEID, DAMAGE, FUMBLE, DESCRIPTION) VALUES (3,5,0,0,'0');
INSERT INTO S_TOOTHCLAW (RID, ARMORTYPEID, DAMAGE, FUMBLE, DESCRIPTION) VALUES (46,1,1,0,'1');
INSERT INTO S_TOOTHCLAW (RID, ARMORTYPEID, DAMAGE, FUMBLE, DESCRIPTION) VALUES (46,2,0,0,'0');
INSERT INTO S_TOOTHCLAW (RID, ARMORTYPEID, DAMAGE, FUMBLE, DESCRIPTION) VALUES (46,3,0,0,'0');
INSERT INTO S_TOOTHCLAW (RID, ARMORTYPEID, DAMAGE, FUMBLE, DESCRIPTION) VALUES (46,4,0,0,'0');
INSERT INTO S_TOOTHCLAW (RID, ARMORTYPEID, DAMAGE, FUMBLE, DESCRIPTION) VALUES (46,5,0,0,'0');
INSERT INTO S_TOOTHCLAW (RID, ARMORTYPEID, DAMAGE, FUMBLE, DESCRIPTION) VALUES (51,1,2,0,'2');
INSERT INTO S_TOOTHCLAW (RID, ARMORTYPEID, DAMAGE, FUMBLE, DESCRIPTION) VALUES (51,2,0,0,'0');
INSERT INTO S_TOOTHCLAW (RID, ARMORTYPEID, DAMAGE, FUMBLE, DESCRIPTION) VALUES (51,3,0,0,'0');
INSERT INTO S_TOOTHCLAW (RID, ARMORTYPEID, DAMAGE, FUMBLE, DESCRIPTION) VALUES (51,4,0,0,'0');
INSERT INTO S_TOOTHCLAW (RID, ARMORTYPEID, DAMAGE, FUMBLE, DESCRIPTION) VALUES (51,5,0,0,'0');
INSERT INTO S_TOOTHCLAW (RID, ARMORTYPEID, DAMAGE, FUMBLE, DESCRIPTION) VALUES (56,1,4,0,'4');
INSERT INTO S_TOOTHCLAW (RID, ARMORTYPEID, DAMAGE, FUMBLE, DESCRIPTION) VALUES (56,2,1,0,'1');
INSERT INTO S_TOOTHCLAW (RID, ARMORTYPEID, DAMAGE, FUMBLE, DESCRIPTION) VALUES (56,3,0,0,'0');
INSERT INTO S_TOOTHCLAW (RID, ARMORTYPEID, DAMAGE, FUMBLE, DESCRIPTION) VALUES (56,4,0,0,'0');
INSERT INTO S_TOOTHCLAW (RID, ARMORTYPEID, DAMAGE, FUMBLE, DESCRIPTION) VALUES (56,5,1,0,'1');
INSERT INTO S_TOOTHCLAW (RID, ARMORTYPEID, DAMAGE, FUMBLE, DESCRIPTION) VALUES (61,1,5,0,'5T');
INSERT INTO S_TOOTHCLAW (RID, ARMORTYPEID, DAMAGE, FUMBLE, DESCRIPTION) VALUES (61,2,2,0,'2');
INSERT INTO S_TOOTHCLAW (RID, ARMORTYPEID, DAMAGE, FUMBLE, DESCRIPTION) VALUES (61,3,1,0,'1');
INSERT INTO S_TOOTHCLAW (RID, ARMORTYPEID, DAMAGE, FUMBLE, DESCRIPTION) VALUES (61,4,1,0,'1');
INSERT INTO S_TOOTHCLAW (RID, ARMORTYPEID, DAMAGE, FUMBLE, DESCRIPTION) VALUES (61,5,1,0,'1');
INSERT INTO S_TOOTHCLAW (RID, ARMORTYPEID, DAMAGE, FUMBLE, DESCRIPTION) VALUES (66,1,6,0,'6T');
INSERT INTO S_TOOTHCLAW (RID, ARMORTYPEID, DAMAGE, FUMBLE, DESCRIPTION) VALUES (66,2,4,0,'4');
INSERT INTO S_TOOTHCLAW (RID, ARMORTYPEID, DAMAGE, FUMBLE, DESCRIPTION) VALUES (66,3,2,0,'2');
INSERT INTO S_TOOTHCLAW (RID, ARMORTYPEID, DAMAGE, FUMBLE, DESCRIPTION) VALUES (66,4,2,0,'2');
INSERT INTO S_TOOTHCLAW (RID, ARMORTYPEID, DAMAGE, FUMBLE, DESCRIPTION) VALUES (66,5,2,0,'2');
INSERT INTO S_TOOTHCLAW (RID, ARMORTYPEID, DAMAGE, FUMBLE, DESCRIPTION) VALUES (71,1,8,0,'8T');
INSERT INTO S_TOOTHCLAW (RID, ARMORTYPEID, DAMAGE, FUMBLE, DESCRIPTION) VALUES (71,2,5,0,'5');
INSERT INTO S_TOOTHCLAW (RID, ARMORTYPEID, DAMAGE, FUMBLE, DESCRIPTION) VALUES (71,3,3,0,'3');
INSERT INTO S_TOOTHCLAW (RID, ARMORTYPEID, DAMAGE, FUMBLE, DESCRIPTION) VALUES (71,4,3,0,'3');
INSERT INTO S_TOOTHCLAW (RID, ARMORTYPEID, DAMAGE, FUMBLE, DESCRIPTION) VALUES (71,5,3,0,'3');
INSERT INTO S_TOOTHCLAW (RID, ARMORTYPEID, DAMAGE, FUMBLE, DESCRIPTION) VALUES (76,1,9,0,'9A');
INSERT INTO S_TOOTHCLAW (RID, ARMORTYPEID, DAMAGE, FUMBLE, DESCRIPTION) VALUES (76,2,7,0,'7T');
INSERT INTO S_TOOTHCLAW (RID, ARMORTYPEID, DAMAGE, FUMBLE, DESCRIPTION) VALUES (76,3,5,0,'5');
INSERT INTO S_TOOTHCLAW (RID, ARMORTYPEID, DAMAGE, FUMBLE, DESCRIPTION) VALUES (76,4,4,0,'4');
INSERT INTO S_TOOTHCLAW (RID, ARMORTYPEID, DAMAGE, FUMBLE, DESCRIPTION) VALUES (76,5,4,0,'4');
INSERT INTO S_TOOTHCLAW (RID, ARMORTYPEID, DAMAGE, FUMBLE, DESCRIPTION) VALUES (81,1,10,0,'10A');
INSERT INTO S_TOOTHCLAW (RID, ARMORTYPEID, DAMAGE, FUMBLE, DESCRIPTION) VALUES (81,2,9,0,'9T');
INSERT INTO S_TOOTHCLAW (RID, ARMORTYPEID, DAMAGE, FUMBLE, DESCRIPTION) VALUES (81,3,7,0,'7T');
INSERT INTO S_TOOTHCLAW (RID, ARMORTYPEID, DAMAGE, FUMBLE, DESCRIPTION) VALUES (81,4,5,0,'5');
INSERT INTO S_TOOTHCLAW (RID, ARMORTYPEID, DAMAGE, FUMBLE, DESCRIPTION) VALUES (81,5,5,0,'5');
INSERT INTO S_TOOTHCLAW (RID, ARMORTYPEID, DAMAGE, FUMBLE, DESCRIPTION) VALUES (86,1,12,0,'12A');
INSERT INTO S_TOOTHCLAW (RID, ARMORTYPEID, DAMAGE, FUMBLE, DESCRIPTION) VALUES (86,2,10,0,'10A');
INSERT INTO S_TOOTHCLAW (RID, ARMORTYPEID, DAMAGE, FUMBLE, DESCRIPTION) VALUES (86,3,8,0,'8T');
INSERT INTO S_TOOTHCLAW (RID, ARMORTYPEID, DAMAGE, FUMBLE, DESCRIPTION) VALUES (86,4,6,0,'6T');
INSERT INTO S_TOOTHCLAW (RID, ARMORTYPEID, DAMAGE, FUMBLE, DESCRIPTION) VALUES (86,5,6,0,'6');
INSERT INTO S_TOOTHCLAW (RID, ARMORTYPEID, DAMAGE, FUMBLE, DESCRIPTION) VALUES (91,1,13,0,'13B');
INSERT INTO S_TOOTHCLAW (RID, ARMORTYPEID, DAMAGE, FUMBLE, DESCRIPTION) VALUES (91,2,11,0,'11A');
INSERT INTO S_TOOTHCLAW (RID, ARMORTYPEID, DAMAGE, FUMBLE, DESCRIPTION) VALUES (91,3,9,0,'9A');
INSERT INTO S_TOOTHCLAW (RID, ARMORTYPEID, DAMAGE, FUMBLE, DESCRIPTION) VALUES (91,4,7,0,'7T');
INSERT INTO S_TOOTHCLAW (RID, ARMORTYPEID, DAMAGE, FUMBLE, DESCRIPTION) VALUES (91,5,6,0,'6T');
INSERT INTO S_TOOTHCLAW (RID, ARMORTYPEID, DAMAGE, FUMBLE, DESCRIPTION) VALUES (96,1,14,0,'14B');
INSERT INTO S_TOOTHCLAW (RID, ARMORTYPEID, DAMAGE, FUMBLE, DESCRIPTION) VALUES (96,2,12,0,'12A');
INSERT INTO S_TOOTHCLAW (RID, ARMORTYPEID, DAMAGE, FUMBLE, DESCRIPTION) VALUES (96,3,10,0,'10A');
INSERT INTO S_TOOTHCLAW (RID, ARMORTYPEID, DAMAGE, FUMBLE, DESCRIPTION) VALUES (96,4,8,0,'8A');
INSERT INTO S_TOOTHCLAW (RID, ARMORTYPEID, DAMAGE, FUMBLE, DESCRIPTION) VALUES (96,5,7,0,'7T');

update S_1HCONCUSSION SET CRITICAL = 'T' WHERE DESCRIPTION LIKE '%T';
update S_1HCONCUSSION SET CRITICAL = 'A' WHERE DESCRIPTION LIKE '%A';
update S_1HCONCUSSION SET CRITICAL = 'B' WHERE DESCRIPTION LIKE '%B';
update S_1HCONCUSSION SET CRITICAL = 'C' WHERE DESCRIPTION LIKE '%C';
update S_1HCONCUSSION SET CRITICAL = 'D' WHERE DESCRIPTION LIKE '%D';
update S_1HCONCUSSION SET CRITICAL = 'E' WHERE DESCRIPTION LIKE '%E';

update S_1HSLASH SET CRITICAL = 'T' WHERE DESCRIPTION LIKE '%T';
update S_1HSLASH SET CRITICAL = 'A' WHERE DESCRIPTION LIKE '%A';
update S_1HSLASH SET CRITICAL = 'B' WHERE DESCRIPTION LIKE '%B';
update S_1HSLASH SET CRITICAL = 'C' WHERE DESCRIPTION LIKE '%C';
update S_1HSLASH SET CRITICAL = 'D' WHERE DESCRIPTION LIKE '%D';
update S_1HSLASH SET CRITICAL = 'E' WHERE DESCRIPTION LIKE '%E';

update S_2H SET CRITICAL = 'T' WHERE DESCRIPTION LIKE '%T';
update S_2H SET CRITICAL = 'A' WHERE DESCRIPTION LIKE '%A';
update S_2H SET CRITICAL = 'B' WHERE DESCRIPTION LIKE '%B';
update S_2H SET CRITICAL = 'C' WHERE DESCRIPTION LIKE '%C';
update S_2H SET CRITICAL = 'D' WHERE DESCRIPTION LIKE '%D';
update S_2H SET CRITICAL = 'E' WHERE DESCRIPTION LIKE '%E';

update S_BALL SET CRITICAL = 'T' WHERE DESCRIPTION LIKE '%T';
update S_BALL SET CRITICAL = 'A' WHERE DESCRIPTION LIKE '%A';
update S_BALL SET CRITICAL = 'B' WHERE DESCRIPTION LIKE '%B';
update S_BALL SET CRITICAL = 'C' WHERE DESCRIPTION LIKE '%C';
update S_BALL SET CRITICAL = 'D' WHERE DESCRIPTION LIKE '%D';
update S_BALL SET CRITICAL = 'E' WHERE DESCRIPTION LIKE '%E';

update S_BOLT SET CRITICAL = 'T' WHERE DESCRIPTION LIKE '%T';
update S_BOLT SET CRITICAL = 'A' WHERE DESCRIPTION LIKE '%A';
update S_BOLT SET CRITICAL = 'B' WHERE DESCRIPTION LIKE '%B';
update S_BOLT SET CRITICAL = 'C' WHERE DESCRIPTION LIKE '%C';
update S_BOLT SET CRITICAL = 'D' WHERE DESCRIPTION LIKE '%D';
update S_BOLT SET CRITICAL = 'E' WHERE DESCRIPTION LIKE '%E';

update S_GRAPPLE SET CRITICAL = 'T' WHERE DESCRIPTION LIKE '%T';
update S_GRAPPLE SET CRITICAL = 'A' WHERE DESCRIPTION LIKE '%A';
update S_GRAPPLE SET CRITICAL = 'B' WHERE DESCRIPTION LIKE '%B';
update S_GRAPPLE SET CRITICAL = 'C' WHERE DESCRIPTION LIKE '%C';
update S_GRAPPLE SET CRITICAL = 'D' WHERE DESCRIPTION LIKE '%D';
update S_GRAPPLE SET CRITICAL = 'E' WHERE DESCRIPTION LIKE '%E';

update S_MISSLE SET CRITICAL = 'T' WHERE DESCRIPTION LIKE '%T';
update S_MISSLE SET CRITICAL = 'A' WHERE DESCRIPTION LIKE '%A';
update S_MISSLE SET CRITICAL = 'B' WHERE DESCRIPTION LIKE '%B';
update S_MISSLE SET CRITICAL = 'C' WHERE DESCRIPTION LIKE '%C';
update S_MISSLE SET CRITICAL = 'D' WHERE DESCRIPTION LIKE '%D';
update S_MISSLE SET CRITICAL = 'E' WHERE DESCRIPTION LIKE '%E';

update S_TOOTHCLAW SET CRITICAL = 'T' WHERE DESCRIPTION LIKE '%T';
update S_TOOTHCLAW SET CRITICAL = 'A' WHERE DESCRIPTION LIKE '%A';
update S_TOOTHCLAW SET CRITICAL = 'B' WHERE DESCRIPTION LIKE '%B';
update S_TOOTHCLAW SET CRITICAL = 'C' WHERE DESCRIPTION LIKE '%C';
update S_TOOTHCLAW SET CRITICAL = 'D' WHERE DESCRIPTION LIKE '%D';
update S_TOOTHCLAW SET CRITICAL = 'E' WHERE DESCRIPTION LIKE '%E';


CREATE or REPLACE VIEW V_MISSLE AS
SELECT 
S_ARMORTYPES.CODE as ARMORTYPECODE,
S_MISSLE.RID, 
S_MISSLE.DAMAGE, 
S_MISSLE.FUMBLE, 
S_MISSLE.DESCRIPTION,
S_MISSLE.CRITICAL
FROM S_MISSLE INNER JOIN S_ARMORTYPES 
ON S_MISSLE.ARMORTYPEID = S_ARMORTYPES.ARMORTYPEID;

CREATE or REPLACE VIEW V_TOOTHCLAW AS
SELECT 
S_ARMORTYPES.CODE as ARMORTYPECODE,
S_TOOTHCLAW.RID, 
S_TOOTHCLAW.DAMAGE, 
S_TOOTHCLAW.FUMBLE, 
S_TOOTHCLAW.DESCRIPTION,
S_TOOTHCLAW.CRITICAL 
FROM S_TOOTHCLAW INNER JOIN S_ARMORTYPES 
ON S_TOOTHCLAW.ARMORTYPEID = S_ARMORTYPES.ARMORTYPEID;

CREATE or REPLACE VIEW V_GRAPPLE AS
SELECT 
S_ARMORTYPES.CODE as ARMORTYPECODE,
S_GRAPPLE.RID, 
S_GRAPPLE.DAMAGE, 
S_GRAPPLE.FUMBLE, 
S_GRAPPLE.DESCRIPTION,
S_GRAPPLE.CRITICAL 
FROM S_GRAPPLE INNER JOIN S_ARMORTYPES 
ON S_GRAPPLE.ARMORTYPEID = S_ARMORTYPES.ARMORTYPEID;

CREATE or REPLACE VIEW V_1HSLASH AS
SELECT 
S_ARMORTYPES.CODE as ARMORTYPECODE,
S_1HSLASH.RID, 
S_1HSLASH.DAMAGE, 
S_1HSLASH.FUMBLE, 
S_1HSLASH.DESCRIPTION,
S_1HSLASH.CRITICAL 
FROM S_1HSLASH INNER JOIN S_ARMORTYPES 
ON S_1HSLASH.ARMORTYPEID = S_ARMORTYPES.ARMORTYPEID;

CREATE or REPLACE VIEW V_1HCONCUSSION AS
SELECT 
S_ARMORTYPES.CODE as ARMORTYPECODE,
S_1HCONCUSSION.RID, 
S_1HCONCUSSION.DAMAGE, 
S_1HCONCUSSION.FUMBLE, 
S_1HCONCUSSION.DESCRIPTION,
S_1HCONCUSSION.CRITICAL 
FROM S_1HCONCUSSION INNER JOIN S_ARMORTYPES 
ON S_1HCONCUSSION.ARMORTYPEID = S_ARMORTYPES.ARMORTYPEID;

CREATE or REPLACE VIEW V_2H AS
SELECT 
S_ARMORTYPES.CODE as ARMORTYPECODE,
S_2H.RID, 
S_2H.DAMAGE, 
S_2H.FUMBLE, 
S_2H.DESCRIPTION,
S_2H.CRITICAL 
FROM S_2H INNER JOIN S_ARMORTYPES 
ON S_2H.ARMORTYPEID = S_ARMORTYPES.ARMORTYPEID;

CREATE or REPLACE VIEW V_BALL AS
SELECT 
S_ARMORTYPES.CODE as ARMORTYPECODE,
S_BALL.RID, 
S_BALL.DAMAGE, 
S_BALL.FUMBLE, 
S_BALL.DESCRIPTION,
S_BALL.CRITICAL 
FROM S_BALL INNER JOIN S_ARMORTYPES 
ON S_BALL.ARMORTYPEID = S_ARMORTYPES.ARMORTYPEID;

CREATE or REPLACE VIEW V_BOLT AS
SELECT 
S_ARMORTYPES.CODE as ARMORTYPECODE,
S_BOLT.RID, 
S_BOLT.DAMAGE, 
S_BOLT.FUMBLE, 
S_BOLT.DESCRIPTION,
S_BOLT.CRITICAL
FROM S_BOLT INNER JOIN S_ARMORTYPES 
ON S_BOLT.ARMORTYPEID = S_ARMORTYPES.ARMORTYPEID;

CREATE or REPLACE VIEW V_ATTACKCHART AS
(
	SELECT 
	ARMORTYPECODE,
	RID, 
	DAMAGE, 
	(CASE WHEN FUMBLE = 0 THEN 'FALSE' ELSE 'TRUE' END) as FUMBLE, 
	DESCRIPTION,
	CRITICAL,
	'MIS' as ATTACKCHARTTYPE 
	FROM V_MISSLE
) UNION (
SELECT 
	ARMORTYPECODE,
	RID, 
	DAMAGE, 
	(CASE WHEN FUMBLE = 0 THEN 'FALSE' ELSE 'TRUE' END) as FUMBLE,
	DESCRIPTION,
	CRITICAL,
	'TAC' as ATTACKCHARTTYPE 
	FROM V_TOOTHCLAW
) UNION (
SELECT 
	ARMORTYPECODE,
	RID, 
	DAMAGE, 
	(CASE WHEN FUMBLE = 0 THEN 'FALSE' ELSE 'TRUE' END) as FUMBLE,
	DESCRIPTION,
	CRITICAL,
	'GRA' as ATTACKCHARTTYPE 
	FROM V_GRAPPLE
) UNION (
SELECT 
	ARMORTYPECODE,
	RID, 
	DAMAGE, 
	(CASE WHEN FUMBLE = 0 THEN 'FALSE' ELSE 'TRUE' END) as FUMBLE, 
	DESCRIPTION,
	CRITICAL,
	'1HS' as ATTACKCHARTTYPE
	FROM V_1HSLASH
) UNION (
SELECT 
	ARMORTYPECODE,
	RID, 
	DAMAGE, 
	(CASE WHEN FUMBLE = 0 THEN 'FALSE' ELSE 'TRUE' END) as FUMBLE,
	DESCRIPTION,
	CRITICAL,
	'1HC' as ATTACKCHARTTYPE
	FROM V_1HCONCUSSION
) UNION (
SELECT 
	ARMORTYPECODE,
	RID, 
	DAMAGE, 
	(CASE WHEN FUMBLE = 0 THEN 'FALSE' ELSE 'TRUE' END) as FUMBLE, 
	DESCRIPTION,
	CRITICAL,
	'2HW' as ATTACKCHARTTYPE
	FROM V_2H
) UNION (
SELECT 
	ARMORTYPECODE,
	RID, 
	DAMAGE, 
	(CASE WHEN FUMBLE = 0 THEN 'FALSE' ELSE 'TRUE' END) as FUMBLE,
	DESCRIPTION,
	CRITICAL,
	'BAL' as ATTACKCHARTTYPE
	FROM V_BALL
) UNION (
SELECT 
	ARMORTYPECODE,
	RID, 
	DAMAGE, 
	(CASE WHEN FUMBLE = 0 THEN 'FALSE' ELSE 'TRUE' END) as FUMBLE, 
	DESCRIPTION,
	CRITICAL,
	'BOL' as ATTACKCHARTTYPE
	FROM V_BOLT
);








CREATE TABLE S_SECONDARYCRITICAL (
	RID INT NOT NULL,
	HEAT VARCHAR(200) NOT NULL, 
	COLD VARCHAR(200) NOT NULL, 
	ELECTRICITY VARCHAR(200) NOT NULL, 
	IMPACT VARCHAR(200) NOT NULL, 
	CRUSH VARCHAR(200) NOT NULL, 
	SLASH VARCHAR(200) NOT NULL, 
	PUNCTURE VARCHAR(200) NOT NULL, 
	UNBALANCING VARCHAR(200) NOT NULL, 
	GRAPPLING VARCHAR(200) NOT NULL, 
	PHYSICAL_LARGE VARCHAR(200) NOT NULL, 
	SPELL_LARGE VARCHAR(200) NOT NULL,
	PRIMARY KEY (RID)
);

INSERT INTO S_SECONDARYCRITICAL(RID, HEAT, COLD, ELECTRICITY, IMPACT, CRUSH, SLASH, PUNCTURE, UNBALANCING, GRAPPLING, PHYSICAL_LARGE, SPELL_LARGE) VALUES (0,'Hot air +0 hits','Cool breeze +0 hits','Hair stands up +0 hits','Not even a scratch +0 hits','Weak grip, no extra damage','+0 hits, weak strike yields no extra damage','+0 hits, glancing blow, no extra damage','Fairly weak, +0 hits, zip','An opportunity lost','+10 hits, 20% chance a normal weapon breaks, 1% for a magic weapon','Size of creature awes you, +0 hits');
INSERT INTO S_SECONDARYCRITICAL(RID, HEAT, COLD, ELECTRICITY, IMPACT, CRUSH, SLASH, PUNCTURE, UNBALANCING, GRAPPLING, PHYSICAL_LARGE, SPELL_LARGE) VALUES (6,'Strong heat, little effect +3 hits','Cold blast, +3 hits, if no cloak or armor +6 hits and stunned 1 round','Light charge, +3 hits, if metal armor stunned 1 round','Grazing shot +5 hits','Minor fracture of ribs, +5 hits, -5 to activity','Minor calf wound, +1 hit per round','Glancing blow to side, +3 hits.','Arm strike, +2 hits, -5 to activity for 2 rounds','Passing strike, +2 hits','+6 hits','+5 hits');
INSERT INTO S_SECONDARYCRITICAL(RID, HEAT, COLD, ELECTRICITY, IMPACT, CRUSH, SLASH, PUNCTURE, UNBALANCING, GRAPPLING, PHYSICAL_LARGE, SPELL_LARGE) VALUES (21,'Minor burns, +8 hits, 1 hit per round','Frosty burn, +7 hits, 1 hit per round','Explosion of light, stunned 1 round','Staggered by strike to side, +10 hits, stunned 1 round','Blow to side, +4 hits, -40 to activity for 1 round','Blow to upper leg, +5 hits, if no leg armor: +3 hits and 2 hits per round','Thigh strike, +3 hits, if no leg armor: 3 hits per round','Leg strike, +4 hits, if no leg armor stunned 1 round','Attack fended off, +3 hits, If arm armor: stunned 1 round','+12 hits','+8 hits');
INSERT INTO S_SECONDARYCRITICAL(RID, HEAT, COLD, ELECTRICITY, IMPACT, CRUSH, SLASH, PUNCTURE, UNBALANCING, GRAPPLING, PHYSICAL_LARGE, SPELL_LARGE) VALUES (36,'Blinded by hot smoke, +12 hits, Stunned 1 round','Mild frostbite, +5 hits, 2 hits per round and -10 to activity','Medium charge, +6 hits, -5 to activity, if metal armor stunned 2 rounds','Strike to shoulder, spun about, reel backwards 10 feet, +12 hits, if no armor stunned 2 rounds','Blow to forearm, +5 hits, if no arm armor, stunned 1 round','Minor chest wound, +3 hits, 1 hit per round, -5 to activity','Minor forearm wound, +2 hits, if no arm armor: stunned I round','Chest strike, knocked back 3 feet, +5 hits, -10 to activity for 2 rounds','Leg attack, Spun about, but breaks loose, If leg armor, stunned 1 round','+18 hits','+10 hits');
INSERT INTO S_SECONDARYCRITICAL(RID, HEAT, COLD, ELECTRICITY, IMPACT, CRUSH, SLASH, PUNCTURE, UNBALANCING, GRAPPLING, PHYSICAL_LARGE, SPELL_LARGE) VALUES (51,'Clothing catches on fire, takes 2 rounds to extinguish, +12 hits, +8 hits per round afire, stunned 1 round','Back strike, +9 hits, 2 hits per round, stunned 2 rounds, wood exposed on back is useless and brittle','Heavy charge, +9 hits, -10 to activity, stunned 1 round, if metal armor stunned 3 rounds','Strike to leg, knocked down, +8 hits, if no leg armor stunned 2 rounds','Blow to shield shoulder breaks shield, if no shield: shoulder broken, arm useless','Minor forearm wound, +4 hits, 2 hits per round, stunned 1 round','Strike along side of chest, 1 hit per round, stunned I round','Blow to shield arm, +5 hits. shield torn away, if no shield: +8 hits and stunned 2 rounds','Shield arm entangled, lf shield: -50 to activity until it is dropped, If no shield: -50 to activity','Staggered by strong blast, +20 hits, -10 to activity, Stunned 2 rounds','+12 hits');
INSERT INTO S_SECONDARYCRITICAL(RID, HEAT, COLD, ELECTRICITY, IMPACT, CRUSH, SLASH, PUNCTURE, UNBALANCING, GRAPPLING, PHYSICAL_LARGE, SPELL_LARGE) VALUES (66,'Knocked down by fiery blast, any organic foot and calf covering destroyed, +10 hits','Strong but low blast, stunned 1 round, any foot covering destroyed, if no foot covering: frostbite and -30 to activity','Strike to shield arm, +12 hits, -20 to activity, if metal armor and no shield: knocked out for 1 day','Blast to shield arm +10 hits, Shield or arm armor destroyed, if none: arm broken and useless, stunned 3 rounds','Blow breaks bone in leg, +12 hits -40 to activity, stunned 2 rounds','Medium thigh wound, +6 hits, 1 hit per round, -10 to activity, stunned 2 rounds','Strike to lower leg, tendons torn, +3 hits, -25 to activity, stunned 1 round','Elbow strike, forearm numbed, +8 hits, drop weapon, -10 to activity for 10 rounds','Weapon arm grasped, Disarmed and wrist sprained, Stunned 2 rounds, -25 to activity','Fine leg strike, +18 hits, 5 hits per round, -20 to activity, Stunned 3 rounds','+15 hits');
INSERT INTO S_SECONDARYCRITICAL(RID, HEAT, COLD, ELECTRICITY, IMPACT, CRUSH, SLASH, PUNCTURE, UNBALANCING, GRAPPLING, PHYSICAL_LARGE, SPELL_LARGE) VALUES (80,'Blast to head, face horribly scarred, knocked out, +15 hits, +5 hits per round, if no helm: a 1 month coma results','Icy blast to head, a month long coma (and head cold) results, Loses nose as a result of severe frostbite and shock','Strike to side devastates nervous system, servere shock results, vistim is a living vegetable for 1 month','Strike to head, +12 hits, helm is shattered, knocked down and out for 1 day, if no helm: skull fractured, dies in 3 rounds','Strike to forehead, +30 hits, one eye destroyed, stunned 24 rnds, if no helm: a 1 month coma results','Neck strike severs carotid artery, neck broken, dies in 1 round of intense agony','Strike to neck, nerves and blood vessels severed, dies of a massive heart failure','Brutal hip strike, knocked down, tendon torn and joint shattered, leg useless, -80 to activity','Both legs entangled, Down and knocked out, +9 hits','Well placed strike to neck severs the jugular vein, +15 hits, Dies in 6 rounds, but may act at -60 to activity until then','Unbalanced by blast, +15 hits, Stunned 2 round');
INSERT INTO S_SECONDARYCRITICAL(RID, HEAT, COLD, ELECTRICITY, IMPACT, CRUSH, SLASH, PUNCTURE, UNBALANCING, GRAPPLING, PHYSICAL_LARGE, SPELL_LARGE) VALUES (81,'Fire engulfs back, knocked down, all organic material on back destroyed, 2 hits per round, stunned 1 round','Strike to leg, knocked down, stunned for 3 rounds, if no leg armor: frostbite, lower leg useless and -40 to activity','Strike to weapon arm, 2 hits per round, if no leather arm armor: muscle and cartilage mangled, arm useless, stunned 6 rounds','Blow to upper Leg, muscles torn, +15 hits, -10 to activity, if no leg armor: -20 to activity and stunned 3 rounds','Blow to weapon arm, +8 hits, stunned 2 rounds, if no arm armor tendon damaged, arm broken and useless','Slash weapon arm, +10 hits, 1 hit per round, if no arm armor: muscle and tendon damage, arm useless','Strike to weapon arm, +10 hits, if no arm armor: bone broken, stunned 3 rounds','Shot to side, knocked 5 feet sideways, drop anything carried in hands, stunned 3 rounds','Weapon arm grappled, Ligaments torn and muscle pulled, Disarmed and stunned for 3 rounds, -40 to activity','Hard blow, +25 hits, 3 hits per round due to light wound, -10 to activity, Stunned 2 rounds','Staggered by strong blast, +20 hits, Stunned 1 round');
INSERT INTO S_SECONDARYCRITICAL(RID, HEAT, COLD, ELECTRICITY, IMPACT, CRUSH, SLASH, PUNCTURE, UNBALANCING, GRAPPLING, PHYSICAL_LARGE, SPELL_LARGE) VALUES (87,'Strike to head, blinded for 6 rounds, any organic head covering destroyed, if no helm: head hair destroyed','Strike to neck and collar area, knocked out, lose outer ear, if no neck armor: neck is frozen and dies in 9 inactive rounds','Permeated by electricity, entire nervous system rearranged, drops and lies in shock for 12 rounds before dying','Blast to collar area, +12 hits, stunned 5 rounds, cannot speak for 1 week, if no neck armor: voice loss is permanent','Shatter knee, +9 hits, -60 to activity, knocked down and stunned for 3 rounds','Destroys one eye, +10 hits, stunned for 30 rounds','Strike through lower leg, sever muscle, -50 to activity, stunned 3 rounds','Side strike, stumble ungracefully to an embarrassing prone position, stunned 6 rounds','Completely entangled and immobilized, Knocked down, but still conscious, No activity','Strike severs an artery in leg, May act at -30 to activity for 4 rounds, then drops and dies after 6 more rounds','Strike to leg, +15 hits, -20 to activity, Stunned 2 rounds');
INSERT INTO S_SECONDARYCRITICAL(RID, HEAT, COLD, ELECTRICITY, IMPACT, CRUSH, SLASH, PUNCTURE, UNBALANCING, GRAPPLING, PHYSICAL_LARGE, SPELL_LARGE) VALUES (90,'Head becomes a charred stump, sadly, dies instantly due to this unacceptable condition','Blast freeze-dries head, dies in 2 rounds, skull and brain are brittle and lifeless','Head strike, if leather helm: it is destroyed, 2 week coma results, if not: dies instantly as brain is fried','Neck strike, +20 hits paralyzed from the shoulders down, a melancholy mood falls on victim','Blow to back of neck paralyzes from the shoulders down, +25 hits, foe quite stunned','Disemboweled, dies instantly, 25% chance your weapon is stuck in opponent for 2 rounds','Strike through both lungs, drops and passes out, dies in 6 rounds','Back strike, knocked flying 10 feet onto face, severe nerve damage, paralyzed from waist down','Vicious hold around neck, Knocked out, Sprained neck: -60 to activity','Sever a vein in forelimb, +20 hits, Stunned for 6 rounds, then falls dead','Blast into mouth, Knocked down, A month-long coma results, +30 hits');
INSERT INTO S_SECONDARYCRITICAL(RID, HEAT, COLD, ELECTRICITY, IMPACT, CRUSH, SLASH, PUNCTURE, UNBALANCING, GRAPPLING, PHYSICAL_LARGE, SPELL_LARGE) VALUES (91,'Shield arm fried, any shield is destroyed along with hand, stunned 5 rounds, if no shield: loses arm and knocked out','Thigh iced, broken bone and frostbite, +5 hits per round, -30 to activity, stunned for 4 rounds','Chest strike, if metal armor: it becomes fused and immobile, if not: knocked out for 6 hours','Blow to knee, knee dislocated, cartilage and tendons ripped, +15 hits, -50 to activity, stunned 9 rounds','Unconscious for 4 hours due to blow to side of head, if no helm: skull crushed, +20 hits','Knocked out for 6 hours with a strike to side of head, +15 hits, if no helm: dies instantly','Strike to side of head, knocked out for 6 hours, +10 hits, if no helm: dies instantly','Hard head strike, knocked back 10 feet and stunned 6 rounds, if no helm: unconscious for 24 hours','Head grappled, Stunned 9 rounds, If no helm: a coma (1-10 days) results due to a fractured skull','Strike to leg, +15 hits, -20 to activity, 2 hits per round, Stunned 3 rounds','Spun about by blast, Off balance, +18 hits, -10 to activity, Stunned 1 round');
INSERT INTO S_SECONDARYCRITICAL(RID, HEAT, COLD, ELECTRICITY, IMPACT, CRUSH, SLASH, PUNCTURE, UNBALANCING, GRAPPLING, PHYSICAL_LARGE, SPELL_LARGE) VALUES (97,'Upper leg burn, use of leg lost due to tissue destruction, 2 hits per round, -60 to activity, stunned for 6 rounds','Side strike freezes and shatters pelvis, dies in 12 rounds due to shock and nerve damage','Electrifying experience, brain falls victim to massive shock and surface burns, passes out and dies in 6 rounds','Strike to abdomen, +18 hits, stunned 12 rounds, if no abdomen armor: dies in 6 rounds due to destroyed organs','Blast to chest sends rib cage through lungs, drops and dies in 6 rounds, vicious','Sever lower leg, +20 hits per round, drops and lapses into unconsciousness','Strike through neck breaks backbone and severs spine, paralyzed from the neck down, permanently','Totally awesome strike, knocked to knees, if using 1 hand weapon: it is thrown backwards 10 feet, stunned 15 rounds','Both arms entangled and pinned to chest, Arms may not be moved until entanglement removed, -75 to activity','Strike to head, Skull fracture, +30 hits, Knocked out, Fine shot','Side strike, + 25 hits, -20 to activity due to broken ribs, Stunned 3 rounds');
INSERT INTO S_SECONDARYCRITICAL(RID, HEAT, COLD, ELECTRICITY, IMPACT, CRUSH, SLASH, PUNCTURE, UNBALANCING, GRAPPLING, PHYSICAL_LARGE, SPELL_LARGE) VALUES (100,'Blast to neck fuses vertebrae and unites skin with clothing, paralyzed permanently, +25 hits','Head strike, eyes are frozen, a 3 week coma results, paralyzed from the neck down','Nervous system acts as a superconductor, instant death provides all with a fine light show','Blast to head fractures skull, a 3 week coma results, if no helm: dies immediately','Blow to jaw, drives bone into brain, dies instantly','Slash side, down, unconscious and dies in 3 rounds due to massive internal organ damage','Strike through eye, dies instantly, a real eye full','Upper chest strike, knocked 10 feet sideways, fall down, break both arms, a 2 month coma results','Neck grappled, If neck armor: -60 to activity due to neck sprain and stunned 3 rounds, If not: dies from broken neck','Heart strike, Dies immediately, Weapon stuck and trapped under body, Chance that weapon broken is 60% - weapon bonus','Strike to midsection, Bladder destroyed, Dies in 4 rounds, but is fully active until then');
INSERT INTO S_SECONDARYCRITICAL(RID, HEAT, COLD, ELECTRICITY, IMPACT, CRUSH, SLASH, PUNCTURE, UNBALANCING, GRAPPLING, PHYSICAL_LARGE, SPELL_LARGE) VALUES (101,'Blast to leg, +2 hits per round, -20 to activity, if no leg armor: massive tissue damage, -70 to activity','Blast freezes both hands, loses use of both arms for 1 hour, 6 hits per round, stunned for 5 rounds','Strike to face, loses nose, stunned 8 rounds, blinded for 2 weeks, if no helm: knocked down as well','Blow to jaw, jaw broken, cannot speak or eat solid food until healed, +15 hits, stunned 7 rnds','Blow breaks hip, +15 hits, -75 to activity, knocked down and stunned 3 rounds','Major abdominal wound, +10 hits, 8 hits per round, -10 to activity, stunned for 4 rounds','Major abdominal wound, +10 hits, 6 hits per round, -20 to activity, stunned 4 rounds','Blow breaks leg, +12 hits, -50 to activity, stunned 1 round','Chest grasped, Ribs broken, Stunned 5 rounds, -10 to activity','Shatter shoulder in weapon arm, +15 hits, Stunned 3 rounds, Arm is quite useless','Head strike, Momentarily confused, +20 hits, Stunned 2 rounds');
INSERT INTO S_SECONDARYCRITICAL(RID, HEAT, COLD, ELECTRICITY, IMPACT, CRUSH, SLASH, PUNCTURE, UNBALANCING, GRAPPLING, PHYSICAL_LARGE, SPELL_LARGE) VALUES (107,'Head strike, if helm: blinded for 2 weeks, if not: dies in 6 rnds due to massive shock and brain damage','Heart and lungs suddenly frozen, dies in 6 inactive rounds of shock and suffocation','Strike destroys heart, lungs, if metal chest armor: it is fused, dies in 6 rnds, If not: dies instantly','Blow to side, bone is driven into kidneys, dies in 6 rounds','Neck strike crushes throat, cannot breath and stunned for 12 rounds, poor fool then expires','Crushes hip, +35 hits, stunned for 2 rounds, active the following 4 rounds, but then dies of nerve failure','Shatter elbow in weapon arm, arm useless, stunned 5 rounds','Blow to side crushes chest cavity, drops and dies in 3 rounds','Legs entangled and completely immobilized, Fall and break weapon arm, Disarmed and knocked out, +20 hits','Vicious crossing strike, Blinded and upset, Stunned 2 rounds, but then the poor brute can blunder around','Blast buckles leg, Severe thigh wound, +25 hits, Dies in 5 rounds due to nerve damage, but is fully active until then');
INSERT INTO S_SECONDARYCRITICAL(RID, HEAT, COLD, ELECTRICITY, IMPACT, CRUSH, SLASH, PUNCTURE, UNBALANCING, GRAPPLING, PHYSICAL_LARGE, SPELL_LARGE) VALUES (110,'Midsection vaporized, cut in half and dies, clothing, armor, and all items destroyed','Massive strike shatters chest and freezes precious bodily fluids, dies in 3 rounds','Head is no longer available for use, smoke and ozone surround the lifeless body','Disrupt chest, lungs and heart explode from impact, dies instantly, very messy','Blast to chest area, destroys heart, dies immediately, +25 hits, fine work','Sever weapon arm, +15 hits per round, down and unconscious immediately','Impaled in heart, dies instantly, heart destroyed, 25% chance your weapon is stuck in foe 3 rounds','Sever hand, +12 hits per round, knocked down and stunned for 6 rounds','Neck grappled, If neck armor: disarmed and stunned 5 rounds, If not: dies in 6 rounds','Strike through cheek, Dies immediately, Unfortunately, the weapon is stuck in the bone for 2 rounds','Vicious blast, Neck crunched and spine severed, Drops and dies in 3 rounds');
INSERT INTO S_SECONDARYCRITICAL(RID, HEAT, COLD, ELECTRICITY, IMPACT, CRUSH, SLASH, PUNCTURE, UNBALANCING, GRAPPLING, PHYSICAL_LARGE, SPELL_LARGE) VALUES (111,'Blast to chest, any chest armor destroyed, +12 hits, stunned 3 rounds, if no chest armor: knocked down, 6 hits per round','Icy blast to upper chest, knocked down and out, if no chest armor: dies in 10 rounds due to a cold, cold heart','Abdomen strike, stunned 7 rounds, 6 hits per round, if no armor over abdomen: dies of shock and bleeding in 12 rounds','Spun by blow, knocked down, breaks both arms, -60 to activity, stunned 3 rounds','Sever spine, collapses immediately, paralyzed from the neck down permanently, +20 hits','Strike to head destroys brain, life is hard for the unfortunate fool, expires in a heap, immediately','Nailed in lower back, down and unconscious, dies from internal bleeding and shock in 6 rounds','Shot through heart, reels 10 feet to a spot suitable for dying, weapon stuck in spinning victim for at least 3 rounds','Foot entangled, Stumble, fall, break weapon on impact, and stunned 2 rounds, If no chest armor: take a "D" crush crit','Strike to chin, Jaw shattered, Knocked out, +60 hits, A 1 month coma results','Strike to eyes, Minded for 2 rounds, +15 hits, -20 to activity');
INSERT INTO S_SECONDARYCRITICAL(RID, HEAT, COLD, ELECTRICITY, IMPACT, CRUSH, SLASH, PUNCTURE, UNBALANCING, GRAPPLING, PHYSICAL_LARGE, SPELL_LARGE) VALUES (117,'Fire engulfs body, all organic material on body destroyed, dies of shock and nerve damage in 6 rnds, +25 hits','Frozen into a lifeless statue, well preserved, but quite dead','Chest strike destroys both lungs, Cut in half, charge extends 10 feet giving an A critical to anyone in the way','Blast shatters skull into thousands of particles, dies instantly, direct hit, line punch','Strike through leg, artery severed, down and unconscious, 12 hits per round','Strike through kidneys, +9 hits, knocked down and dies after 6 rounds of very intense agony, sad','Shot through both ears, hearing impaired, dies instantly, awesome shot','Strike to head, knocked 10 feet back +9 hits, stunned 6 rounds, if no helm: a 4 week coma results','Both legs wrapped up, Tumbles to ground and knocked out, -80 to activity due to a broken arm and a broken ankle','+20 hits, Strike through the eye, Dies instantly and falls upon attacker, who then takes 20 hits and is pinned for 6 rounds','Strike to body destroys a variety of organs, Dies in 3 rounds, but the ignorant brute is fully active until then');
INSERT INTO S_SECONDARYCRITICAL(RID, HEAT, COLD, ELECTRICITY, IMPACT, CRUSH, SLASH, PUNCTURE, UNBALANCING, GRAPPLING, PHYSICAL_LARGE, SPELL_LARGE) VALUES (120,'All that remains are charred bits of teeth and bone','Frozen solid, then shatters into thousands of pieces after being slammed into the ground','Charge disrupts cell structure, entire body turned to dust','Blast annihilates entire skeleton, reduced to a gelatinous pulp, try a spatula.','Savage blow to head, knocked down, dies in 12 rounds due to severed vein','Great side shot, knocked down and sideways 5 feet, lower leg broken, stunned 7 rounds, -40 to activity','Blow to shield shoulder, stunned 9 rounds, -20 to activity, if no shield: unconscious and upper arm shattered','Frightening strike to temple, knocked back 20 feet, dies instantly, not nice','Windpipe crushed, Dies instantly due to massive shock and savage asphyxiation','Strike through ear destroys brain, The unfortunate lummox dies instantly, and any ear wax is removed','Superb strike drives rib through heart, Drops and dies in 6 agonizing rounds');

